start;stop;time;distance
ABBESSES;ANVERS;9.709706999991322;647.3137999994215
ABBESSES;BLANCHE;7.638704999997863;509.2469999998575
ABBESSES;LAMARCKCAULAINCOURT;9.428188500002145;628.545900000143
ABBESSES;NOTREDAMEDELORETTE;14.479444499990207;965.2962999993471
ABBESSES;PIGALLE;4.421441999993403;294.76279999956023
ABBESSES;PLACEDECLICHY;12.674182500002209;844.9455000001473
ABBESSES;STGEORGES;10.762417499986476;717.4944999990985
ALESIA;DENFERTROCHEREAU;13.846602000001006;923.106800000067
ALESIA;MOUTONDUVERNET;7.691998499996263;512.7998999997509
ALESIA;PORTEDORLEANS;9.76980150000716;651.3201000004773
ALEXANDREDUMAS;AVRON;12.20388150000188;813.5921000001254
ALEXANDREDUMAS;BUZENVAL;14.720781000005665;981.3854000003777
ALEXANDREDUMAS;CHARONNE;12.847263000007949;856.48420000053
ALEXANDREDUMAS;PHILIPPEAUGUSTE;8.816618999996571;587.7745999997713
ALEXANDREDUMAS;RUEDESBOULETS;12.48843300000066;832.562200000044
ALMAMARCEAU;GEORGEV;12.474483000008624;831.6322000005749
ALMAMARCEAU;IENA;7.6263915000075935;508.42610000050627
ANATOLEFRANCE;LOUISEMICHEL;8.992870500004502;599.5247000003002
ANVERS;ABBESSES;9.709706999991322;647.3137999994215
ANVERS;BARBESROCHECHOUART;7.111322999991244;474.08819999941625
ANVERS;CADET;11.740258499997434;782.683899999829
ANVERS;CHATEAUROUGE;13.647200999994528;909.8133999996352
ANVERS;PIGALLE;8.261517000002204;550.767800000147
ANVERS;STGEORGES;14.602492499995279;973.4994999996852
ARGENTINE;CHARLESDEGAULLEETOILE;8.551975500002152;570.1317000001435
ARGENTINE;KLEBER;11.183770499994864;745.5846999996576
ARGENTINE;PORTEMAILLOT;10.073386500006311;671.5591000004207
ARGENTINE;TERNES;13.802161500004006;920.144100000267
ARGENTINE;VICTORHUGO;14.100970499992835;940.0646999995223
ARTSETMETIERS;BONNENOUVELLE;14.922250499996009;994.8166999997339
ARTSETMETIERS;CHATEAUDEAU;12.508939500002887;833.9293000001925
ARTSETMETIERS;ETIENNEMARCEL;11.114502000006034;740.9668000004023
ARTSETMETIERS;FILLESDUCALVAIRE;14.432689499997652;962.1792999998435
ARTSETMETIERS;JACQUESBONSERGENT;13.91682749999687;927.7884999997914
ARTSETMETIERS;OBERKAMPF;14.056430999991136;937.095399999409
ARTSETMETIERS;RAMBUTEAU;10.453816500004029;696.9211000002687
ARTSETMETIERS;REAUMURSEBASTOPOL;6.854731500007329;456.9821000004886
ARTSETMETIERS;REPUBLIQUE;11.41185899999924;760.7905999999493
ARTSETMETIERS;SENTIER;13.508060999998705;900.5373999999136
ARTSETMETIERS;STRASBOURGSTDENIS;9.488821500006015;632.588100000401
ARTSETMETIERS;TEMPLE;7.5383234999963316;502.55489999975543
ASNIERESGENNEVILLIERSLESCOURTILLES;LESAGNETTES;14.984384999995234;998.9589999996823
ASSEMBLEENATIONALE;CONCORDE;11.329378500006278;755.2919000004185
ASSEMBLEENATIONALE;INVALIDES;10.476886499999672;698.4590999999782
ASSEMBLEENATIONALE;RUEDUBAC;13.890773999994854;926.0515999996569
ASSEMBLEENATIONALE;SOLFERINO;6.156990000000223;410.4660000000149
ASSEMBLEENATIONALE;VARENNE;13.069388999995427;871.2925999996951
AVENUEEMILEZOLA;CAMBRONNE;9.054889499999117;603.6592999999411
AVENUEEMILEZOLA;CHARLESMICHELS;11.093546999992103;739.5697999994736
AVENUEEMILEZOLA;COMMERCE;5.3458739999926195;356.39159999950795
AVENUEEMILEZOLA;DUPLEIX;7.652693999996991;510.1795999997994
AVENUEEMILEZOLA;FELIXFAURE;11.017268999999503;734.4845999999669
AVENUEEMILEZOLA;LAMOTTEPICQUETGRENELLE;6.727440000004134;448.4960000002756
AVENUEEMILEZOLA;SEGUR;13.228838999995494;881.9225999996996
AVRON;ALEXANDREDUMAS;12.20388150000188;813.5921000001254
AVRON;BUZENVAL;3.478285499996273;231.88569999975152
AVRON;MARAICHERS;10.547360999996892;703.1573999997928
AVRON;NATION;9.607807500003254;640.5205000002169
AVRON;PICPUS;13.986371999997065;932.4247999998043
AVRON;RUEDESBOULETS;11.230621500000709;748.7081000000472
BALARD;LOURMEL;10.05070800000045;670.04720000003
BARBESROCHECHOUART;ANVERS;7.111322999991244;474.08819999941625
BARBESROCHECHOUART;CHATEAUROUGE;6.604464000002482;440.29760000016546
BARBESROCHECHOUART;GAREDUNORD;14.455133999987154;963.6755999991436
BARBESROCHECHOUART;LACHAPELLE;13.310860500001581;887.3907000001054
BARBESROCHECHOUART;MARCADETPOISSONNIERS;13.381347000009846;892.0898000006564
BARBESROCHECHOUART;POISSONNIERE;10.950247499995164;730.0164999996776
BASILIQUEDESTDENIS;STDENISPORTEDEPARIS;14.748192000008421;983.2128000005614
BASTILLE;BREGUETSABIN;7.125657000008505;475.043800000567
BASTILLE;CHEMINVERT;9.519345000003812;634.6230000002541
BASTILLE;LEDRUROLLIN;9.54127950000402;636.0853000002679
BASTILLE;QUAIDELARAPEE;13.790745000003955;919.3830000002637
BASTILLE;STPAUL;13.840835999994304;922.7223999996203
BASTILLE;SULLYMORLAND;10.096741499996279;673.1160999997519
BELAIR;DAUMESNIL;8.703658499993034;580.2438999995356
BELAIR;MICHELBIZOT;8.556279000004869;570.4186000003245
BELAIR;PICPUS;6.661836000006878;444.1224000004585
BELAIR;PORTEDECHARENTON;14.119199999993436;941.2799999995624
BELLEVILLE;COURONNES;8.942329499991029;596.1552999994019
BELLEVILLE;GONCOURT;9.18170250000141;612.1135000000941
BELLEVILLE;PARMENTIER;13.282760999991444;885.5173999994296
BELLEVILLE;PYRENEES;12.939065999997547;862.6043999998365
BERAULT;CHATEAUDEVINCENNES;14.135698499992142;942.379899999476
BERAULT;STMANDE;12.251066999993052;816.7377999995368
BERCY;DUGOMMIER;12.757431000003708;850.4954000002472
BERCY;QUAIDELAGARE;12.31857000001066;821.2380000007106
BIBLIOTHEQUEFRANCOISMITTERRAND;OLYMPIADES;13.000082999989973;866.6721999993315
BIBLIOTHEQUEFRANCOISMITTERRAND;QUAIDELAGARE;14.916346499998472;994.4230999998981
BILLANCOURT;MARCELSEMBAT;8.36308950000268;557.5393000001786
BILLANCOURT;PONTDESEVRES;12.650351999999256;843.3567999999503
BIRHAKEIM;DUPLEIX;10.549168500006779;703.277900000452
BIRHAKEIM;PASSY;9.70619849999668;647.0798999997786
BLANCHE;ABBESSES;7.638704999997863;509.2469999998575
BLANCHE;LAFOURCHE;12.152699999999022;810.1799999999348
BLANCHE;LIEGE;12.622124999989175;841.4749999992783
BLANCHE;PIGALLE;8.548748999994714;569.9165999996476
BLANCHE;PLACEDECLICHY;5.035477500004345;335.69850000028964
BLANCHE;ROME;14.529871500000008;968.6581000000006
BLANCHE;TRINITEDESTIENNEDORVES;13.319867999993729;887.9911999995819
BOISSIERE;IENA;8.173793999995105;544.9195999996737
BOISSIERE;KLEBER;11.632042500007087;775.4695000004725
BOISSIERE;TROCADERO;10.754620500003805;716.9747000002536
BOISSIERE;VICTORHUGO;9.897928500009002;659.8619000006001
BOLIVAR;BUTTESCHAUMONT;12.097242000005208;806.4828000003472
BOLIVAR;COLONELFABIEN;9.038818499991905;602.5878999994603
BOLIVAR;JAURES;7.336939500003938;489.1293000002625
BOLIVAR;LAUMIERE;13.407903000003426;893.8602000002284
BOLIVAR;LOUISBLANC;10.307757000001725;687.183800000115
BOLIVAR;RIQUET;12.580372499997614;838.6914999998409
BOLIVAR;STALINGRAD;11.169358499989611;744.6238999993075
BONNENOUVELLE;ARTSETMETIERS;14.922250499996009;994.8166999997339
BONNENOUVELLE;BOURSE;13.137848999995622;875.8565999997081
BONNENOUVELLE;CHATEAUDEAU;9.85458600000653;656.9724000004353
BONNENOUVELLE;ETIENNEMARCEL;12.454624500002248;830.3083000001499
BONNENOUVELLE;GRANDSBOULEVARDS;10.352116500012345;690.141100000823
BONNENOUVELLE;JACQUESBONSERGENT;12.576705000000652;838.4470000000434
BONNENOUVELLE;POISSONNIERE;13.034064000004435;868.9376000002957
BONNENOUVELLE;REAUMURSEBASTOPOL;8.067518999988678;537.8345999992453
BONNENOUVELLE;SENTIER;8.054431499998318;536.9620999998879
BONNENOUVELLE;STRASBOURGSTDENIS;5.433428999989992;362.2285999993328
BOTZARIS;BUTTESCHAUMONT;9.814467000009607;654.2978000006404
BOTZARIS;DANUBE;8.844442499993603;589.6294999995736
BOTZARIS;JOURDAIN;7.564035000004805;504.2690000003203
BOTZARIS;PLACEDESFETES;8.478691500006825;565.2461000004549
BOTZARIS;PRESTGERVAIS;11.595703499990632;773.0468999993755
BOTZARIS;PYRENEES;13.560294000008724;904.0196000005817
BOUCICAUT;CHARLESMICHELS;11.15423250000982;743.6155000006547
BOUCICAUT;COMMERCE;12.780154500011704;852.0103000007803
BOUCICAUT;FELIXFAURE;7.108759500004817;473.9173000003211
BOUCICAUT;LOURMEL;9.312703499987839;620.8468999991893
BOUCICAUT;PORTEDEVERSAILLES;14.464986000008063;964.3324000005374
BOULOGNEJEANJAURES;BOULOGNEPONTDESTCLOUD;13.406275499998591;893.7516999999061
BOULOGNEPONTDESTCLOUD;BOULOGNEJEANJAURES;13.406275499998591;893.7516999999061
BOURSE;BONNENOUVELLE;13.137848999995622;875.8565999997081
BOURSE;GRANDSBOULEVARDS;7.367791500005988;491.1861000003992
BOURSE;LEPELETIER;10.796598000002561;719.7732000001707
BOURSE;LOUVRERIVOLI;13.479577499998266;898.6384999998844
BOURSE;OPERA;12.185569499994745;812.3712999996496
BOURSE;PYRAMIDES;11.538574500003016;769.238300000201
BOURSE;QUATRESEPTEMBRE;6.465693000004977;431.0462000003318
BOURSE;RICHELIEUDROUOT;6.986932500001857;465.7955000001238
BOURSE;SENTIER;9.832690500002936;655.5127000001958
BREGUETSABIN;BASTILLE;7.125657000008505;475.043800000567
BREGUETSABIN;CHEMINVERT;4.44752699999779;296.50179999985266
BREGUETSABIN;LEDRUROLLIN;14.613097500010044;974.2065000006696
BREGUETSABIN;RICHARDLENOIR;8.136710999990465;542.4473999993643
BREGUETSABIN;STAMBROISE;13.140809999998307;876.0539999998872
BREGUETSABIN;STPAUL;11.622408000013092;774.8272000008728
BREGUETSABIN;STSEBASTIENFROISSART;11.645570999992195;776.3713999994796
BREGUETSABIN;VOLTAIRE;13.682134499995735;912.1422999997156
BROCHANT;GUYMOQUET;11.680411499995973;778.6940999997315
BROCHANT;LAFOURCHE;11.845254000008572;789.6836000005715
BROCHANT;PORTEDECLICHY;13.162704000002707;877.5136000001804
BUTTESCHAUMONT;BOLIVAR;12.097242000005208;806.4828000003472
BUTTESCHAUMONT;BOTZARIS;9.814467000009607;654.2978000006404
BUTTESCHAUMONT;COLONELFABIEN;13.310392499986337;887.3594999990892
BUTTESCHAUMONT;JOURDAIN;14.279039999994565;951.9359999996376
BUTTESCHAUMONT;LAUMIERE;13.254270000007233;883.6180000004823
BUTTESCHAUMONT;PYRENEES;11.770094999999273;784.6729999999516
BUZENVAL;ALEXANDREDUMAS;14.720781000005665;981.3854000003777
BUZENVAL;AVRON;3.478285499996273;231.88569999975152
BUZENVAL;MARAICHERS;7.069075500000618;471.27170000004116
BUZENVAL;NATION;13.086092999999527;872.4061999999685
BUZENVAL;PICPUS;11.469472499993278;764.6314999995519
BUZENVAL;PORTEDEMONTREUIL;13.401471000001766;893.4314000001177
BUZENVAL;RUEDESBOULETS;13.74752100000449;916.5014000002993
CADET;ANVERS;11.740258499997434;782.683899999829
CADET;GRANDSBOULEVARDS;8.447566499998793;563.1710999999195
CADET;LEPELETIER;5.992716000001527;399.51440000010183
CADET;NOTREDAMEDELORETTE;7.1459399999992455;476.3959999999497
CADET;POISSONNIERE;7.901333999993513;526.7555999995676
CADET;RICHELIEUDROUOT;12.46156950000208;830.7713000001386
CADET;STGEORGES;11.437017000003252;762.4678000002168
CADET;TRINITEDESTIENNEDORVES;13.556575499997125;903.7716999998083
CAMBRONNE;AVENUEEMILEZOLA;9.054889499999117;603.6592999999411
CAMBRONNE;COMMERCE;14.400763499991735;960.050899999449
CAMBRONNE;LAMOTTEPICQUETGRENELLE;6.524335500004237;434.95570000028243
CAMBRONNE;SEGUR;5.6526164999976745;376.84109999984497
CAMBRONNE;SEVRESLECOURBE;10.396266000004251;693.0844000002835
CAMPOFORMIO;CHEVALERET;11.23120049999503;748.7466999996686
CAMPOFORMIO;LESGOBELINS;7.529305500002811;501.9537000001874
CAMPOFORMIO;NATIONALE;8.245969500005012;549.7313000003342
CAMPOFORMIO;PLACEDITALIE;11.146408499992683;743.0938999995122
CAMPOFORMIO;STMARCEL;7.2706784999999226;484.71189999999484
CARDINALLEMOINE;CENSIERDAUBENTON;10.335469500003963;689.0313000002642
CARDINALLEMOINE;JUSSIEU;4.971465000003226;331.4310000002151
CARDINALLEMOINE;MAUBERTMUTUALITE;9.701448000005911;646.763200000394
CARDINALLEMOINE;PLACEMONGE;6.9368549999920655;462.456999999471
CENSIERDAUBENTON;CARDINALLEMOINE;10.335469500003963;689.0313000002642
CENSIERDAUBENTON;JUSSIEU;12.802606500000694;853.5071000000463
CENSIERDAUBENTON;LESGOBELINS;8.590318499991554;572.6878999994369
CENSIERDAUBENTON;PLACEMONGE;4.5321615000109885;302.1441000007326
CENSIERDAUBENTON;STMARCEL;13.648543499992812;909.9028999995207
CHAMPSELYSEESCLEMENCEAU;CONCORDE;11.272352999998255;751.4901999998837
CHAMPSELYSEESCLEMENCEAU;FRANKLINDROOSEVELT;5.798056500001112;386.53710000007413
CHAMPSELYSEESCLEMENCEAU;INVALIDES;9.564831000004196;637.6554000002797
CHAMPSELYSEESCLEMENCEAU;MIROMESNIL;10.921787999992377;728.1191999994918
CHAMPSELYSEESCLEMENCEAU;STPHILIPPEDUROULE;11.360758499989753;757.3838999993169
CHARDONLAGACHE;EGLISEDAUTEUIL;6.212977499990375;414.1984999993583
CHARDONLAGACHE;EXELMANS;10.803540000009232;720.2360000006155
CHARDONLAGACHE;JASMIN;14.179447499995588;945.2964999997058
CHARDONLAGACHE;JAVELANDRECITROEN;13.838564999991211;922.5709999994141
CHARDONLAGACHE;MICHELANGEAUTEUIL;7.067750999994461;471.1833999996307
CHARDONLAGACHE;MICHELANGEMOLITOR;5.3683050000015635;357.88700000010425
CHARDONLAGACHE;MIRABEAU;10.137466499999283;675.8310999999522
CHARDONLAGACHE;PORTEDAUTEUIL;14.234215499993295;948.947699999553
CHARLESDEGAULLEETOILE;ARGENTINE;8.551975500002152;570.1317000001435
CHARLESDEGAULLEETOILE;GEORGEV;9.823883999994141;654.9255999996094
CHARLESDEGAULLEETOILE;KLEBER;7.215779999991647;481.0519999994431
CHARLESDEGAULLEETOILE;TERNES;8.642781000008107;576.1854000005404
CHARLESMICHELS;AVENUEEMILEZOLA;11.093546999992103;739.5697999994736
CHARLESMICHELS;BOUCICAUT;11.15423250000982;743.6155000006547
CHARLESMICHELS;COMMERCE;11.70877499999944;780.5849999999626
CHARLESMICHELS;DUPLEIX;14.867699999986801;991.17999999912
CHARLESMICHELS;FELIXFAURE;12.828588000008022;855.2392000005348
CHARLESMICHELS;JAVELANDRECITROEN;9.731371500010136;648.7581000006757
CHARONNE;ALEXANDREDUMAS;12.847263000007949;856.48420000053
CHARONNE;FAIDHERBECHALIGNY;9.00698250000074;600.4655000000494
CHARONNE;PHILIPPEAUGUSTE;11.081553000003915;738.770200000261
CHARONNE;REUILLYDIDEROT;12.905450999991734;860.3633999994489
CHARONNE;RUEDESBOULETS;7.979660999992629;531.9773999995086
CHARONNE;VOLTAIRE;10.128388500006404;675.2259000004269
CHATEAUDEAU;ARTSETMETIERS;12.508939500002887;833.9293000001925
CHATEAUDEAU;BONNENOUVELLE;9.85458600000653;656.9724000004353
CHATEAUDEAU;GAREDELEST;8.666626499996054;577.7750999997369
CHATEAUDEAU;GAREDUNORD;14.0288505000039;935.25670000026
CHATEAUDEAU;JACQUESBONSERGENT;8.198265000003156;546.5510000002104
CHATEAUDEAU;REAUMURSEBASTOPOL;14.571125999995857;971.4083999997238
CHATEAUDEAU;STRASBOURGSTDENIS;6.7378289999981655;449.1885999998777
CHATEAUDEVINCENNES;BERAULT;14.135698499992142;942.379899999476
CHATEAULANDON;COLONELFABIEN;11.17462049999158;744.9746999994386
CHATEAULANDON;GAREDELEST;8.331707999999052;555.4471999999367
CHATEAULANDON;GAREDUNORD;7.338240000008954;489.2160000005969
CHATEAULANDON;JACQUESBONSERGENT;14.27621550000098;951.7477000000654
CHATEAULANDON;LACHAPELLE;11.50104749999824;766.7364999998827
CHATEAULANDON;LOUISBLANC;8.266509000001825;551.1006000001217
CHATEAUROUGE;ANVERS;13.647200999994528;909.8133999996352
CHATEAUROUGE;BARBESROCHECHOUART;6.604464000002482;440.29760000016546
CHATEAUROUGE;JULESJOFFRIN;13.963542000007587;930.9028000005059
CHATEAUROUGE;MARCADETPOISSONNIERS;6.8454690000065614;456.3646000004374
CHATEAUROUGE;SIMPLON;13.000666500011576;866.7111000007717
CHATELET;CITE;3.9974294999853015;266.4952999990201
CHATELET;CLUNYLASORBONNE;13.859537999999011;923.9691999999341
CHATELET;ETIENNEMARCEL;12.622421999994547;841.4947999996365
CHATELET;HOTELDEVILLE;4.922293499999796;328.1528999999864
CHATELET;LESHALLES;10.95576450000226;730.3843000001507
CHATELET;LOUVRERIVOLI;13.523889000001367;901.592600000091
CHATELET;MAUBERTMUTUALITE;11.84719049999665;789.8126999997767
CHATELET;PONTNEUF;8.550924000000231;570.0616000000153
CHATELET;RAMBUTEAU;13.28310749999655;885.54049999977
CHATELET;STMICHEL;11.375877000004985;758.3918000003323
CHATILLONMONTROUGE;MALAKOFFRUEETIENNEDOLET;12.652008000004573;843.4672000003048
CHAUSSEEDANTINLAFAYETTE;GRANDSBOULEVARDS;13.116212999994753;874.4141999996501
CHAUSSEEDANTINLAFAYETTE;HAVRECAUMARTIN;7.5384255000011775;502.5617000000785
CHAUSSEEDANTINLAFAYETTE;LEPELETIER;10.589395500003594;705.9597000002395
CHAUSSEEDANTINLAFAYETTE;MADELEINE;13.844451000000115;922.9634000000077
CHAUSSEEDANTINLAFAYETTE;NOTREDAMEDELORETTE;10.002850500003552;666.8567000002369
CHAUSSEEDANTINLAFAYETTE;OPERA;5.2916550000052665;352.7770000003511
CHAUSSEEDANTINLAFAYETTE;PYRAMIDES;12.450066000004881;830.0044000003254
CHAUSSEEDANTINLAFAYETTE;QUATRESEPTEMBRE;8.584135499996481;572.2756999997654
CHAUSSEEDANTINLAFAYETTE;RICHELIEUDROUOT;8.062895999999599;537.5263999999733
CHAUSSEEDANTINLAFAYETTE;STGEORGES;13.719877500007279;914.6585000004852
CHAUSSEEDANTINLAFAYETTE;STLAZARE;14.908369499991533;993.8912999994355
CHAUSSEEDANTINLAFAYETTE;TRINITEDESTIENNEDORVES;6.628949999999023;441.9299999999348
CHEMINVERT;BASTILLE;9.519345000003812;634.6230000002541
CHEMINVERT;BREGUETSABIN;4.44752699999779;296.50179999985266
CHEMINVERT;FILLESDUCALVAIRE;11.26429049999686;750.9526999997906
CHEMINVERT;OBERKAMPF;12.49782000000123;833.188000000082
CHEMINVERT;RICHARDLENOIR;8.279777999992948;551.9851999995299
CHEMINVERT;STAMBROISE;13.283877000000794;885.5918000000529
CHEMINVERT;STPAUL;11.479341000010606;765.2894000007071
CHEMINVERT;STSEBASTIENFROISSART;7.198043999994407;479.8695999996271
CHEMINVERT;VOLTAIRE;13.932748500002198;928.8499000001466
CHEVALERET;CAMPOFORMIO;11.23120049999503;748.7466999996686
CHEVALERET;NATIONALE;8.666040000012726;577.7360000008484
CHEVALERET;OLYMPIADES;13.008565500000842;867.2377000000561
CHEVALERET;QUAIDELAGARE;8.6588249999861;577.2549999990733
CHEVALERET;STMARCEL;13.702280999996585;913.4853999997723
CITE;CHATELET;3.9974294999853015;266.4952999990201
CITE;CLUNYLASORBONNE;9.862108500013711;657.4739000009141
CITE;HOTELDEVILLE;8.919722999985098;594.6481999990065
CITE;LESHALLES;14.034962999989512;935.6641999993008
CITE;MAUBERTMUTUALITE;8.767992000009396;584.5328000006265
CITE;ODEON;12.720583500014618;848.0389000009745
CITE;PONTMARIE;13.171510500009756;878.1007000006504
CITE;PONTNEUF;11.630122499987486;775.3414999991656
CITE;STMICHEL;7.378447500019684;491.89650000131223
CLUNYLASORBONNE;CHATELET;13.859537999999011;923.9691999999341
CLUNYLASORBONNE;CITE;9.862108500013711;657.4739000009141
CLUNYLASORBONNE;MABILLON;12.987360000003829;865.8240000002552
CLUNYLASORBONNE;MAUBERTMUTUALITE;5.722747499996912;381.5164999997942
CLUNYLASORBONNE;ODEON;7.113113999999478;474.2075999999652
CLUNYLASORBONNE;PONTNEUF;14.675366999999971;978.3577999999981
CLUNYLASORBONNE;STMICHEL;4.598468999991892;306.5645999994595
COLONELFABIEN;BOLIVAR;9.038818499991905;602.5878999994603
COLONELFABIEN;BUTTESCHAUMONT;13.310392499986337;887.3594999990892
COLONELFABIEN;CHATEAULANDON;11.17462049999158;744.9746999994386
COLONELFABIEN;GONCOURT;12.976530000011554;865.1020000007702
COLONELFABIEN;JAURES;9.516626999996953;634.4417999997969
COLONELFABIEN;LOUISBLANC;11.922154499994939;794.8102999996626
COLONELFABIEN;STALINGRAD;12.783755999982825;852.250399998855
COMMERCE;AVENUEEMILEZOLA;5.3458739999926195;356.39159999950795
COMMERCE;BOUCICAUT;12.780154500011704;852.0103000007803
COMMERCE;CAMBRONNE;14.400763499991735;960.050899999449
COMMERCE;CHARLESMICHELS;11.70877499999944;780.5849999999626
COMMERCE;DUPLEIX;9.699230999987922;646.6153999991948
COMMERCE;FELIXFAURE;5.671395000006888;378.0930000004592
COMMERCE;LAMOTTEPICQUETGRENELLE;12.073313999996753;804.8875999997836
CONCORDE;ASSEMBLEENATIONALE;11.329378500006278;755.2919000004185
CONCORDE;CHAMPSELYSEESCLEMENCEAU;11.272352999998255;751.4901999998837
CONCORDE;MADELEINE;8.881124999994062;592.0749999996042
CONCORDE;PYRAMIDES;14.976606000009925;998.4404000006616
CONCORDE;SOLFERINO;14.926354500005836;995.0903000003891
CONCORDE;STAUGUSTIN;13.598581499994614;906.572099999641
CONCORDE;TUILERIES;13.022421000001485;868.161400000099
CONVENTION;FELIXFAURE;14.231191500001588;948.7461000001058
CONVENTION;VAUGIRARD;8.602468500001121;573.4979000000748
CORENTINCARIOU;CRIMEE;12.485228999998656;832.3485999999103
CORENTINCARIOU;PORTEDELAVILLETTE;7.550413499999559;503.36089999997057
CORENTINCELTON;MAIRIEDISSY;11.96694150000927;797.796100000618
CORVISART;GLACIERE;9.878947500008508;658.5965000005672
CORVISART;LESGOBELINS;12.586017000006395;839.0678000004264
CORVISART;PLACEDITALIE;7.628934000010487;508.5956000006991
CORVISART;TOLBIAC;13.148897999996553;876.5931999997701
COURCELLES;MALESHERBES;12.210829499994869;814.0552999996579
COURCELLES;MONCEAU;8.536381499986165;569.0920999990777
COURCELLES;TERNES;7.778782500004161;518.5855000002774
COURCELLES;WAGRAM;8.980870499996819;598.724699999788
COURONNES;BELLEVILLE;8.942329499991029;596.1552999994019
COURONNES;GONCOURT;11.911073999988147;794.0715999992099
COURONNES;MENILMONTANT;6.9415830000088325;462.77220000058884
COURONNES;PARMENTIER;12.957826500000666;863.8551000000443
COURONNES;PYRENEES;13.264000499988324;884.2666999992216
COURONNES;RUESTMAUR;8.564863499999628;570.9908999999752
COURSTEMILION;DUGOMMIER;12.848606999998449;856.5737999998966
CRETEILLECHAT;CRETEILUNIVERSITE;12.331581000000005;822.1054000000004
CRETEILLECHAT;MAISONSALFORTLESJUILLIOTTES;12.546175500006065;836.4117000004044
CRETEILUNIVERSITE;CRETEILLECHAT;12.331581000000005;822.1054000000004
CRIMEE;CORENTINCARIOU;12.485228999998656;832.3485999999103
CRIMEE;LAUMIERE;11.823968999994685;788.2645999996457
CRIMEE;RIQUET;7.634143500000356;508.9429000000237
CROIXDECHAVAUX;MAIRIEDEMONTREUIL;12.959453999996766;863.9635999997844
DANUBE;BOTZARIS;8.844442499993603;589.6294999995736
DANUBE;PLACEDESFETES;8.87742000000144;591.828000000096
DANUBE;PORTEDEPANTIN;12.352912499999512;823.5274999999674
DANUBE;PRESTGERVAIS;9.30265500000387;620.1770000002581
DAUMESNIL;BELAIR;8.703658499993034;580.2438999995356
DAUMESNIL;DUGOMMIER;7.500433500007492;500.0289000004995
DAUMESNIL;MICHELBIZOT;11.381179500011495;758.7453000007663
DAUMESNIL;MONTGALLET;14.285435999998008;952.3623999998672
DAUMESNIL;NATION;13.454954999994369;896.9969999996246
DENFERTROCHEREAU;ALESIA;13.846602000001006;923.106800000067
DENFERTROCHEREAU;MOUTONDUVERNET;6.1546035000047405;410.30690000031603
DENFERTROCHEREAU;RASPAIL;10.212307499998717;680.8204999999144
DENFERTROCHEREAU;STJACQUES;6.900009000005666;460.00060000037774
DUGOMMIER;BERCY;12.757431000003708;850.4954000002472
DUGOMMIER;COURSTEMILION;12.848606999998449;856.5737999998966
DUGOMMIER;DAUMESNIL;7.500433500007492;500.0289000004995
DUGOMMIER;MONTGALLET;9.518569500004524;634.5713000003017
DUPLEIX;AVENUEEMILEZOLA;7.652693999996991;510.1795999997994
DUPLEIX;BIRHAKEIM;10.549168500006779;703.277900000452
DUPLEIX;CHARLESMICHELS;14.867699999986801;991.17999999912
DUPLEIX;COMMERCE;9.699230999987922;646.6153999991948
DUPLEIX;FELIXFAURE;14.7914219999942;986.0947999996133
DUPLEIX;LAMOTTEPICQUETGRENELLE;8.704580999990576;580.3053999993717
DUROC;FALGUIERE;5.105969999995432;340.3979999996955
DUROC;MONTPARNASSEBIENVENUE;12.825035999996473;855.0023999997649
DUROC;PASTEUR;11.829701999996324;788.6467999997549
DUROC;RENNES;14.231560500005145;948.7707000003429
DUROC;SEGUR;10.79008350000833;719.3389000005554
DUROC;SEVRESLECOURBE;10.447010999999474;696.467399999965
DUROC;STFRANCOISXAVIER;10.245388500007104;683.0259000004736
DUROC;STPLACIDE;11.049685499998159;736.6456999998773
DUROC;VANEAU;7.714596000005258;514.3064000003505
ECOLEMILITAIRE;LATOURMAUBOURG;9.995079000002006;666.3386000001337
ECOLEMILITAIRE;SEGUR;14.039702999992876;935.9801999995251
ECOLEMILITAIRE;STFRANCOISXAVIER;14.584397999994106;972.293199999607
ECOLEMILITAIRE;VARENNE;13.457472000010894;897.1648000007262
EDGARQUINET;GAITE;7.666418999987072;511.09459999913815
EDGARQUINET;MONTPARNASSEBIENVENUE;8.048754000003683;536.5836000002455
EDGARQUINET;NOTREDAMEDESCHAMPS;9.810531000004266;654.0354000002844
EDGARQUINET;RASPAIL;7.660948499988298;510.72989999921987
EDGARQUINET;RENNES;14.636323500004366;975.7549000002911
EDGARQUINET;STPLACIDE;10.89957750000176;726.6385000001173
EDGARQUINET;VAVIN;5.480361000011908;365.35740000079386
EGLISEDAUTEUIL;CHARDONLAGACHE;6.212977499990375;414.1984999993583
EGLISEDAUTEUIL;JASMIN;9.912471000005608;660.8314000003738
EGLISEDAUTEUIL;JAVELANDRECITROEN;11.223022499999496;748.2014999999665
EGLISEDAUTEUIL;MICHELANGEAUTEUIL;6.8466705000051284;456.4447000003419
EGLISEDAUTEUIL;MICHELANGEMOLITOR;11.58128249999194;772.0854999994626
EGLISEDAUTEUIL;MIRABEAU;4.061768999991473;270.7845999994315
EGLISEDAUTEUIL;PORTEDAUTEUIL;14.013135000003967;934.2090000002645
ETIENNEMARCEL;ARTSETMETIERS;11.114502000006034;740.9668000004023
ETIENNEMARCEL;BONNENOUVELLE;12.454624500002248;830.3083000001499
ETIENNEMARCEL;CHATELET;12.622421999994547;841.4947999996365
ETIENNEMARCEL;HOTELDEVILLE;13.462195499996886;897.4796999997924
ETIENNEMARCEL;LESHALLES;6.007351499990327;400.49009999935515
ETIENNEMARCEL;LOUVRERIVOLI;13.528862999991395;901.9241999994264
ETIENNEMARCEL;RAMBUTEAU;9.425275499999987;628.3516999999991
ETIENNEMARCEL;REAUMURSEBASTOPOL;7.73808450001292;515.8723000008613
ETIENNEMARCEL;SENTIER;7.306563000002643;487.1042000001762
EUROPE;HAVRECAUMARTIN;14.549222999992779;969.9481999995186
EUROPE;LIEGE;6.642397500009975;442.82650000066496
EUROPE;PLACEDECLICHY;14.229044999994805;948.6029999996537
EUROPE;ROME;6.814362000001129;454.29080000007525
EUROPE;STAUGUSTIN;8.070686999994214;538.0457999996142
EUROPE;STLAZARE;7.179279000002425;478.6186000001617
EUROPE;VILLIERS;11.800021500005386;786.6681000003591
EXELMANS;CHARDONLAGACHE;10.803540000009232;720.2360000006155
EXELMANS;MICHELANGEAUTEUIL;12.760251000006685;850.6834000004457
EXELMANS;MICHELANGEMOLITOR;5.435235000007669;362.3490000005113
EXELMANS;PORTEDAUTEUIL;10.857670500003731;723.8447000002487
EXELMANS;PORTEDESTCLOUD;11.553799499991;770.2532999993999
FAIDHERBECHALIGNY;CHARONNE;9.00698250000074;600.4655000000494
FAIDHERBECHALIGNY;LEDRUROLLIN;10.654335000001591;710.2890000001061
FAIDHERBECHALIGNY;REUILLYDIDEROT;7.251628499990911;483.4418999993941
FAIDHERBECHALIGNY;RUEDESBOULETS;9.365812500008033;624.3875000005355
FALGUIERE;DUROC;5.105969999995432;340.3979999996955
FALGUIERE;GAITE;14.804771999990914;986.9847999993943
FALGUIERE;MONTPARNASSEBIENVENUE;7.71906600000104;514.6044000000693
FALGUIERE;NOTREDAMEDESCHAMPS;12.718422000000135;847.894800000009
FALGUIERE;PASTEUR;8.517048000001232;567.8032000000821
FALGUIERE;SEVRESLECOURBE;11.152403999997187;743.4935999998124
FALGUIERE;STPLACIDE;13.807468499997633;920.4978999998422
FALGUIERE;VANEAU;11.027250000000349;735.1500000000233
FELIXFAURE;AVENUEEMILEZOLA;11.017268999999503;734.4845999999669
FELIXFAURE;BOUCICAUT;7.108759500004817;473.9173000003211
FELIXFAURE;CHARLESMICHELS;12.828588000008022;855.2392000005348
FELIXFAURE;COMMERCE;5.671395000006888;378.0930000004592
FELIXFAURE;CONVENTION;14.231191500001588;948.7461000001058
FELIXFAURE;DUPLEIX;14.7914219999942;986.0947999996133
FILLESDUCALVAIRE;ARTSETMETIERS;14.432689499997652;962.1792999998435
FILLESDUCALVAIRE;CHEMINVERT;11.26429049999686;750.9526999997906
FILLESDUCALVAIRE;OBERKAMPF;4.262764500004705;284.18430000031367
FILLESDUCALVAIRE;PARMENTIER;12.002095500004364;800.1397000002909
FILLESDUCALVAIRE;REPUBLIQUE;10.168660499996623;677.9106999997749
FILLESDUCALVAIRE;RICHARDLENOIR;11.426347500002013;761.7565000001342
FILLESDUCALVAIRE;STAMBROISE;12.658135499996133;843.8756999997422
FILLESDUCALVAIRE;STSEBASTIENFROISSART;4.066246500002453;271.08310000016354
FILLESDUCALVAIRE;TEMPLE;11.344961999994702;756.3307999996468
FRANKLINDROOSEVELT;CHAMPSELYSEESCLEMENCEAU;5.798056500001112;386.53710000007413
FRANKLINDROOSEVELT;MIROMESNIL;13.992049499991698;932.8032999994465
FRANKLINDROOSEVELT;STPHILIPPEDUROULE;6.8445479999890075;456.3031999992672
GAITE;EDGARQUINET;7.666418999987072;511.09459999913815
GAITE;FALGUIERE;14.804771999990914;986.9847999993943
GAITE;MONTPARNASSEBIENVENUE;7.0857059999898775;472.38039999932516
GAITE;PERNETY;12.715680000002614;847.7120000001743
GAITE;RASPAIL;9.578407499996828;638.5604999997886
GAITE;VAVIN;13.14677999999898;876.451999999932
GALLIENI;PORTEDEBAGNOLET;10.700275499998243;713.3516999998828
GAMBETTA;PELLEPORT;8.735809500007889;582.3873000005259
GAMBETTA;PORTEDEBAGNOLET;10.553686499994363;703.5790999996242
GAREDAUSTERLITZ;QUAIDELARAPEE;7.7293664999865;515.2910999991
GAREDAUSTERLITZ;STMARCEL;11.226786000007996;748.4524000005331
GAREDELEST;CHATEAUDEAU;8.666626499996054;577.7750999997369
GAREDELEST;CHATEAULANDON;8.331707999999052;555.4471999999367
GAREDELEST;GAREDUNORD;6.582126000006683;438.80840000044554
GAREDELEST;JACQUESBONSERGENT;12.331000500001245;822.0667000000831
GAREDELEST;POISSONNIERE;11.314639499999465;754.3092999999644
GAREDELYON;LEDRUROLLIN;10.076786999999312;671.7857999999541
GAREDELYON;QUAIDELARAPEE;10.892365499997975;726.157699999865
GAREDELYON;REUILLYDIDEROT;14.572429500006256;971.495300000417
GAREDUNORD;BARBESROCHECHOUART;14.455133999987154;963.6755999991436
GAREDUNORD;CHATEAUDEAU;14.0288505000039;935.25670000026
GAREDUNORD;CHATEAULANDON;7.338240000008954;489.2160000005969
GAREDUNORD;GAREDELEST;6.582126000006683;438.80840000044554
GAREDUNORD;LACHAPELLE;10.95651449998899;730.4342999992659
GAREDUNORD;LOUISBLANC;11.235992999993034;749.0661999995356
GAREDUNORD;POISSONNIERE;13.304593500007758;886.9729000005173
GARIBALDI;MAIRIEDESTOUEN;12.157858500007427;810.523900000495
GEORGEV;ALMAMARCEAU;12.474483000008624;831.6322000005749
GEORGEV;CHARLESDEGAULLEETOILE;9.823883999994141;654.9255999996094
GEORGEV;KLEBER;8.301959999997052;553.4639999998035
GEORGEV;STPHILIPPEDUROULE;11.006774999995253;733.7849999996835
GEORGEV;TERNES;12.331488000002572;822.0992000001715
GLACIERE;CORVISART;9.878947500008508;658.5965000005672
GLACIERE;PLACEDITALIE;13.657810499999904;910.5206999999937
GLACIERE;STJACQUES;10.009196999993293;667.2797999995529
GONCOURT;BELLEVILLE;9.18170250000141;612.1135000000941
GONCOURT;COLONELFABIEN;12.976530000011554;865.1020000007702
GONCOURT;COURONNES;11.911073999988147;794.0715999992099
GONCOURT;JACQUESBONSERGENT;12.576264000004153;838.4176000002768
GONCOURT;OBERKAMPF;11.840389499989689;789.3592999993126
GONCOURT;PARMENTIER;11.650483499988914;776.6988999992609
GONCOURT;REPUBLIQUE;12.059722499996425;803.9814999997617
GRANDSBOULEVARDS;BONNENOUVELLE;10.352116500012345;690.141100000823
GRANDSBOULEVARDS;BOURSE;7.367791500005988;491.1861000003992
GRANDSBOULEVARDS;CADET;8.447566499998793;563.1710999999195
GRANDSBOULEVARDS;CHAUSSEEDANTINLAFAYETTE;13.116212999994753;874.4141999996501
GRANDSBOULEVARDS;LEPELETIER;8.862982499995852;590.8654999997234
GRANDSBOULEVARDS;NOTREDAMEDELORETTE;13.334527499995891;888.9684999997261
GRANDSBOULEVARDS;OPERA;13.426200000011598;895.0800000007731
GRANDSBOULEVARDS;QUATRESEPTEMBRE;10.784098500001711;718.9399000001141
GRANDSBOULEVARDS;RICHELIEUDROUOT;5.0533169999951495;336.88779999967664
GRANDSBOULEVARDS;SENTIER;11.766306000009644;784.420400000643
GUYMOQUET;BROCHANT;11.680411499995973;778.6940999997315
GUYMOQUET;LAFOURCHE;11.293486500004072;752.8991000002715
GUYMOQUET;PORTEDESTOUEN;9.29803950000729;619.869300000486
HAVRECAUMARTIN;CHAUSSEEDANTINLAFAYETTE;7.5384255000011775;502.5617000000785
HAVRECAUMARTIN;EUROPE;14.549222999992779;969.9481999995186
HAVRECAUMARTIN;LIEGE;10.700743500004757;713.3829000003171
HAVRECAUMARTIN;MADELEINE;8.337289500003099;555.8193000002066
HAVRECAUMARTIN;MIROMESNIL;14.679805499996874;978.6536999997916
HAVRECAUMARTIN;OPERA;10.40268450000789;693.512300000526
HAVRECAUMARTIN;STAUGUSTIN;8.586695999998483;572.4463999998989
HAVRECAUMARTIN;STLAZARE;7.3699439999903555;491.329599999357
HAVRECAUMARTIN;TRINITEDESTIENNEDORVES;10.171582499999204;678.1054999999469
HOTELDEVILLE;CHATELET;4.922293499999796;328.1528999999864
HOTELDEVILLE;CITE;8.919722999985098;594.6481999990065
HOTELDEVILLE;ETIENNEMARCEL;13.462195499996886;897.4796999997924
HOTELDEVILLE;LESHALLES;14.553747000005094;970.2498000003396
HOTELDEVILLE;PONTMARIE;12.652726499994168;843.5150999996113
HOTELDEVILLE;PONTNEUF;12.148906500003068;809.9271000002045
HOTELDEVILLE;RAMBUTEAU;8.360813999996754;557.3875999997837
HOTELDEVILLE;STPAUL;14.114791500003193;940.9861000002129
IENA;ALMAMARCEAU;7.6263915000075935;508.42610000050627
IENA;BOISSIERE;8.173793999995105;544.9195999996737
IENA;KLEBER;12.040180500002462;802.6787000001641
IENA;TROCADERO;11.545366500007805;769.6911000005204
INVALIDES;ASSEMBLEENATIONALE;10.476886499999672;698.4590999999782
INVALIDES;CHAMPSELYSEESCLEMENCEAU;9.564831000004196;637.6554000002797
INVALIDES;LATOURMAUBOURG;11.45269050000643;763.5127000004286
INVALIDES;VARENNE;10.355890499996024;690.3926999997349
JACQUESBONSERGENT;ARTSETMETIERS;13.91682749999687;927.7884999997914
JACQUESBONSERGENT;BONNENOUVELLE;12.576705000000652;838.4470000000434
JACQUESBONSERGENT;CHATEAUDEAU;8.198265000003156;546.5510000002104
JACQUESBONSERGENT;CHATEAULANDON;14.27621550000098;951.7477000000654
JACQUESBONSERGENT;GAREDELEST;12.331000500001245;822.0667000000831
JACQUESBONSERGENT;GONCOURT;12.576264000004153;838.4176000002768
JACQUESBONSERGENT;REPUBLIQUE;8.574703500000759;571.6469000000506
JACQUESBONSERGENT;STRASBOURGSTDENIS;9.459947999992293;630.6631999994862
JACQUESBONSERGENT;TEMPLE;7.39840200000268;493.2268000001786
JASMIN;CHARDONLAGACHE;14.179447499995588;945.2964999997058
JASMIN;EGLISEDAUTEUIL;9.912471000005608;660.8314000003738
JASMIN;MICHELANGEAUTEUIL;12.222736499998135;814.8490999998756
JASMIN;MIRABEAU;13.97423999999708;931.6159999998054
JASMIN;RANELAGH;7.124941499996347;474.9960999997565
JAURES;BOLIVAR;7.336939500003938;489.1293000002625
JAURES;COLONELFABIEN;9.516626999996953;634.4417999997969
JAURES;LACHAPELLE;13.72433099999267;914.9553999995113
JAURES;LAUMIERE;12.930094499998374;862.0062999998917
JAURES;LOUISBLANC;9.084859500004676;605.6573000003117
JAURES;RIQUET;12.102563999992562;806.8375999995042
JAURES;STALINGRAD;3.8324189999856753;255.49459999904502
JAVELANDRECITROEN;CHARDONLAGACHE;13.838564999991211;922.5709999994141
JAVELANDRECITROEN;CHARLESMICHELS;9.731371500010136;648.7581000006757
JAVELANDRECITROEN;EGLISEDAUTEUIL;11.223022499999496;748.2014999999665
JAVELANDRECITROEN;MIRABEAU;7.1612535000080255;477.416900000535
JOURDAIN;BOTZARIS;7.564035000004805;504.2690000003203
JOURDAIN;BUTTESCHAUMONT;14.279039999994565;951.9359999996376
JOURDAIN;PLACEDESFETES;6.985432499996969;465.6954999997979
JOURDAIN;PYRENEES;6.54188400000392;436.12560000026133
JOURDAIN;TELEGRAPHE;10.929204000005848;728.6136000003899
JULESJOFFRIN;CHATEAUROUGE;13.963542000007587;930.9028000005059
JULESJOFFRIN;LAMARCKCAULAINCOURT;11.082100500006344;738.806700000423
JULESJOFFRIN;MARCADETPOISSONNIERS;7.326618000000018;488.4412000000012
JULESJOFFRIN;PORTEDECLIGNANCOURT;8.554022999997251;570.2681999998167
JULESJOFFRIN;SIMPLON;5.916028500004322;394.40190000028815
JUSSIEU;CARDINALLEMOINE;4.971465000003226;331.4310000002151
JUSSIEU;CENSIERDAUBENTON;12.802606500000694;853.5071000000463
JUSSIEU;MAUBERTMUTUALITE;14.67291300000914;978.1942000006094
JUSSIEU;PLACEMONGE;8.270444999989705;551.3629999993136
JUSSIEU;QUAIDELARAPEE;12.767098499999266;851.139899999951
KLEBER;ARGENTINE;11.183770499994864;745.5846999996576
KLEBER;BOISSIERE;11.632042500007087;775.4695000004725
KLEBER;CHARLESDEGAULLEETOILE;7.215779999991647;481.0519999994431
KLEBER;GEORGEV;8.301959999997052;553.4639999998035
KLEBER;IENA;12.040180500002462;802.6787000001641
KLEBER;VICTORHUGO;12.044570999997086;802.9713999998057
LACHAPELLE;BARBESROCHECHOUART;13.310860500001581;887.3907000001054
LACHAPELLE;CHATEAULANDON;11.50104749999824;766.7364999998827
LACHAPELLE;GAREDUNORD;10.95651449998899;730.4342999992659
LACHAPELLE;JAURES;13.72433099999267;914.9553999995113
LACHAPELLE;LOUISBLANC;10.753513499994881;716.9008999996587
LACHAPELLE;MARXDORMOY;10.619271000010775;707.9514000007183
LACHAPELLE;STALINGRAD;9.891912000006997;659.4608000004664
LAFOURCHE;BLANCHE;12.152699999999022;810.1799999999348
LAFOURCHE;BROCHANT;11.845254000008572;789.6836000005715
LAFOURCHE;GUYMOQUET;11.293486500004072;752.8991000002715
LAFOURCHE;LIEGE;13.862348999985842;924.1565999990562
LAFOURCHE;PLACEDECLICHY;8.187037500001606;545.8025000001071
LAFOURCHE;ROME;13.251367499997725;883.4244999998483
LAMARCKCAULAINCOURT;ABBESSES;9.428188500002145;628.545900000143
LAMARCKCAULAINCOURT;JULESJOFFRIN;11.082100500006344;738.806700000423
LAMARCKCAULAINCOURT;MARCADETPOISSONNIERS;14.904556500007748;993.6371000005165
LAMARCKCAULAINCOURT;PIGALLE;13.849630499995547;923.3086999997031
LAMOTTEPICQUETGRENELLE;AVENUEEMILEZOLA;6.727440000004134;448.4960000002756
LAMOTTEPICQUETGRENELLE;CAMBRONNE;6.524335500004237;434.95570000028243
LAMOTTEPICQUETGRENELLE;COMMERCE;12.073313999996753;804.8875999997836
LAMOTTEPICQUETGRENELLE;DUPLEIX;8.704580999990576;580.3053999993717
LAMOTTEPICQUETGRENELLE;SEGUR;12.176952000001911;811.7968000001274
LAMUETTE;PASSY;13.93407150000392;928.9381000002613
LAMUETTE;RANELAGH;8.722008000002825;581.4672000001883
LAMUETTE;RUEDELAPOMPE;14.294017500001356;952.9345000000903
LATOURMAUBOURG;ECOLEMILITAIRE;9.995079000002006;666.3386000001337
LATOURMAUBOURG;INVALIDES;11.45269050000643;763.5127000004286
LATOURMAUBOURG;STFRANCOISXAVIER;14.654612999995587;976.9741999997058
LATOURMAUBOURG;VARENNE;6.397238999991096;426.4825999994064
LAUMIERE;BOLIVAR;13.407903000003426;893.8602000002284
LAUMIERE;BUTTESCHAUMONT;13.254270000007233;883.6180000004823
LAUMIERE;CRIMEE;11.823968999994685;788.2645999996457
LAUMIERE;JAURES;12.930094499998374;862.0062999998917
LAUMIERE;OURCQ;11.188775999992504;745.9183999995003
LAUMIERE;RIQUET;11.101384499996783;740.0922999997856
LAUMIERE;STALINGRAD;12.605539500012526;840.3693000008351
LEDRUROLLIN;BASTILLE;9.54127950000402;636.0853000002679
LEDRUROLLIN;BREGUETSABIN;14.613097500010044;974.2065000006696
LEDRUROLLIN;FAIDHERBECHALIGNY;10.654335000001591;710.2890000001061
LEDRUROLLIN;GAREDELYON;10.076786999999312;671.7857999999541
LEKREMLINBICETRE;VILLEJUIFLEOLAGRANGE;10.879201499997869;725.280099999858
LEPELETIER;BOURSE;10.796598000002561;719.7732000001707
LEPELETIER;CADET;5.992716000001527;399.51440000010183
LEPELETIER;CHAUSSEEDANTINLAFAYETTE;10.589395500003594;705.9597000002395
LEPELETIER;GRANDSBOULEVARDS;8.862982499995852;590.8654999997234
LEPELETIER;NOTREDAMEDELORETTE;4.471545000000042;298.1030000000028
LEPELETIER;POISSONNIERE;13.894049999995039;926.2699999996693
LEPELETIER;QUATRESEPTEMBRE;13.238948999998975;882.5965999999316
LEPELETIER;RICHELIEUDROUOT;6.468853500000551;431.25690000003675
LEPELETIER;STGEORGES;8.762622000004049;584.1748000002699
LEPELETIER;TRINITEDESTIENNEDORVES;10.88218049999792;725.4786999998614
LESAGNETTES;ASNIERESGENNEVILLIERSLESCOURTILLES;14.984384999995234;998.9589999996823
LESGOBELINS;CAMPOFORMIO;7.529305500002811;501.9537000001874
LESGOBELINS;CENSIERDAUBENTON;8.590318499991554;572.6878999994369
LESGOBELINS;CORVISART;12.586017000006395;839.0678000004264
LESGOBELINS;PLACEDITALIE;11.410931999995372;760.7287999996914
LESGOBELINS;PLACEMONGE;11.988933000003453;799.2622000002302
LESGOBELINS;STMARCEL;13.460003999996696;897.3335999997797
LESHALLES;CHATELET;10.95576450000226;730.3843000001507
LESHALLES;CITE;14.034962999989512;935.6641999993008
LESHALLES;ETIENNEMARCEL;6.007351499990327;400.49009999935515
LESHALLES;HOTELDEVILLE;14.553747000005094;970.2498000003396
LESHALLES;LOUVRERIVOLI;7.52151150000107;501.43410000007134
LESHALLES;PALAISROYALMUSEEDULOUVRE;10.235995500002756;682.3997000001838
LESHALLES;PONTNEUF;10.082821500002174;672.1881000001449
LESHALLES;RAMBUTEAU;10.516827000008195;701.1218000005464
LESHALLES;REAUMURSEBASTOPOL;13.745436000003247;916.3624000002164
LESHALLES;SENTIER;10.407544499994255;693.836299999617
LIEGE;BLANCHE;12.622124999989175;841.4749999992783
LIEGE;EUROPE;6.642397500009975;442.82650000066496
LIEGE;HAVRECAUMARTIN;10.700743500004757;713.3829000003171
LIEGE;LAFOURCHE;13.862348999985842;924.1565999990562
LIEGE;PLACEDECLICHY;7.58664749998483;505.77649999898864
LIEGE;ROME;10.662841499989154;710.8560999992769
LIEGE;STAUGUSTIN;14.713084500004186;980.8723000002791
LIEGE;STGEORGES;13.729777500000782;915.3185000000522
LIEGE;STLAZARE;9.52729350001202;635.1529000008013
LIEGE;TRINITEDESTIENNEDORVES;11.610219000006909;774.0146000004606
LOUISBLANC;BOLIVAR;10.307757000001725;687.183800000115
LOUISBLANC;CHATEAULANDON;8.266509000001825;551.1006000001217
LOUISBLANC;COLONELFABIEN;11.922154499994939;794.8102999996626
LOUISBLANC;GAREDUNORD;11.235992999993034;749.0661999995356
LOUISBLANC;JAURES;9.084859500004676;605.6573000003117
LOUISBLANC;LACHAPELLE;10.753513499994881;716.9008999996587
LOUISBLANC;STALINGRAD;9.409414499990524;627.2942999993683
LOUISEMICHEL;ANATOLEFRANCE;8.992870500004502;599.5247000003002
LOUISEMICHEL;PORTEDECHAMPERRET;9.807431999988037;653.8287999992025
LOURMEL;BALARD;10.05070800000045;670.04720000003
LOURMEL;BOUCICAUT;9.312703499987839;620.8468999991893
LOUVRERIVOLI;BOURSE;13.479577499998266;898.6384999998844
LOUVRERIVOLI;CHATELET;13.523889000001367;901.592600000091
LOUVRERIVOLI;ETIENNEMARCEL;13.528862999991395;901.9241999994264
LOUVRERIVOLI;LESHALLES;7.52151150000107;501.43410000007134
LOUVRERIVOLI;PALAISROYALMUSEEDULOUVRE;7.667871000003653;511.1914000002435
LOUVRERIVOLI;PONTNEUF;4.972965000001132;331.53100000007544
LOUVRERIVOLI;RAMBUTEAU;14.189548499993398;945.9698999995599
MABILLON;CLUNYLASORBONNE;12.987360000003829;865.8240000002552
MABILLON;ODEON;5.8742460000043515;391.61640000029007
MABILLON;SEVRESBABYLONE;12.90549750001228;860.3665000008186
MABILLON;STGERMAINDESPRES;3.0768584999983437;205.12389999988957
MABILLON;STMICHEL;8.749955999990926;583.330399999395
MABILLON;STSULPICE;6.895080000007293;459.6720000004862
MADELEINE;CHAUSSEEDANTINLAFAYETTE;13.844451000000115;922.9634000000077
MADELEINE;CONCORDE;8.881124999994062;592.0749999996042
MADELEINE;HAVRECAUMARTIN;8.337289500003099;555.8193000002066
MADELEINE;OPERA;8.552795999994851;570.1863999996567
MADELEINE;QUATRESEPTEMBRE;13.117321499994139;874.4880999996093
MADELEINE;STAUGUSTIN;11.591935500002;772.7957000001334
MADELEINE;STLAZARE;10.375183499993872;691.6788999995915
MAIRIEDEMONTREUIL;CROIXDECHAVAUX;12.959453999996766;863.9635999997844
MAIRIEDEMONTROUGE;PORTEDORLEANS;14.336605499996805;955.773699999787
MAIRIEDESTOUEN;GARIBALDI;12.157858500007427;810.523900000495
MAIRIEDISSY;CORENTINCELTON;11.96694150000927;797.796100000618
MAIRIEDIVRY;PIERREETMARIECURIE;14.971238999992492;998.0825999994995
MAISONBLANCHE;PORTEDECHOISY;10.963572000005515;730.9048000003677
MAISONBLANCHE;PORTEDITALIE;6.684761999999172;445.6507999999448
MAISONBLANCHE;PORTEDIVRY;13.798567499999187;919.9044999999459
MAISONBLANCHE;TOLBIAC;7.961065499997349;530.7376999998232
MAISONSALFORTLESJUILLIOTTES;CRETEILLECHAT;12.546175500006065;836.4117000004044
MALAKOFFPLATEAUDEVANVES;MALAKOFFRUEETIENNEDOLET;13.756487999993842;917.0991999995895
MALAKOFFRUEETIENNEDOLET;CHATILLONMONTROUGE;12.652008000004573;843.4672000003048
MALAKOFFRUEETIENNEDOLET;MALAKOFFPLATEAUDEVANVES;13.756487999993842;917.0991999995895
MALESHERBES;COURCELLES;12.210829499994869;814.0552999996579
MALESHERBES;MONCEAU;4.480788000009489;298.7192000006326
MALESHERBES;ROME;14.661303000006011;977.4202000004008
MALESHERBES;VILLIERS;9.675643500001753;645.0429000001169
MALESHERBES;WAGRAM;6.374382000000333;424.95880000002217
MARAICHERS;AVRON;10.547360999996892;703.1573999997928
MARAICHERS;BUZENVAL;7.069075500000618;471.27170000004116
MARAICHERS;PORTEDEMONTREUIL;6.332395500001148;422.15970000007655
MARAICHERS;PORTEDEVINCENNES;13.707479999993813;913.8319999995875
MARCADETPOISSONNIERS;BARBESROCHECHOUART;13.381347000009846;892.0898000006564
MARCADETPOISSONNIERS;CHATEAUROUGE;6.8454690000065614;456.3646000004374
MARCADETPOISSONNIERS;JULESJOFFRIN;7.326618000000018;488.4412000000012
MARCADETPOISSONNIERS;LAMARCKCAULAINCOURT;14.904556500007748;993.6371000005165
MARCADETPOISSONNIERS;MARXDORMOY;12.914443499997141;860.9628999998095
MARCADETPOISSONNIERS;SIMPLON;6.363742500004009;424.2495000002673
MARCELSEMBAT;BILLANCOURT;8.36308950000268;557.5393000001786
MARXDORMOY;LACHAPELLE;10.619271000010775;707.9514000007183
MARXDORMOY;MARCADETPOISSONNIERS;12.914443499997141;860.9628999998095
MARXDORMOY;PORTEDELACHAPELLE;11.724418500001194;781.6279000000796
MAUBERTMUTUALITE;CARDINALLEMOINE;9.701448000005911;646.763200000394
MAUBERTMUTUALITE;CHATELET;11.84719049999665;789.8126999997767
MAUBERTMUTUALITE;CITE;8.767992000009396;584.5328000006265
MAUBERTMUTUALITE;CLUNYLASORBONNE;5.722747499996912;381.5164999997942
MAUBERTMUTUALITE;JUSSIEU;14.67291300000914;978.1942000006094
MAUBERTMUTUALITE;ODEON;12.83586149999639;855.7240999997593
MAUBERTMUTUALITE;STMICHEL;10.321216499988806;688.0810999992536
MENILMONTANT;COURONNES;6.9415830000088325;462.77220000058884
MENILMONTANT;PARMENTIER;12.207775499991255;813.8516999994171
MENILMONTANT;PERELACHAISE;11.545579499984742;769.7052999989828
MENILMONTANT;PYRENEES;14.01405149999773;934.2700999998488
MENILMONTANT;RUESTMAUR;7.383688499989221;492.2458999992814
MICHELANGEAUTEUIL;CHARDONLAGACHE;7.067750999994461;471.1833999996307
MICHELANGEAUTEUIL;EGLISEDAUTEUIL;6.8466705000051284;456.4447000003419
MICHELANGEAUTEUIL;EXELMANS;12.760251000006685;850.6834000004457
MICHELANGEAUTEUIL;JASMIN;12.222736499998135;814.8490999998756
MICHELANGEAUTEUIL;MICHELANGEMOLITOR;7.325015999999014;488.33439999993425
MICHELANGEAUTEUIL;MIRABEAU;10.908439499996602;727.2292999997735
MICHELANGEAUTEUIL;PORTEDAUTEUIL;7.166464499998837;477.7642999999225
MICHELANGEMOLITOR;CHARDONLAGACHE;5.3683050000015635;357.88700000010425
MICHELANGEMOLITOR;EGLISEDAUTEUIL;11.58128249999194;772.0854999994626
MICHELANGEMOLITOR;EXELMANS;5.435235000007669;362.3490000005113
MICHELANGEMOLITOR;MICHELANGEAUTEUIL;7.325015999999014;488.33439999993425
MICHELANGEMOLITOR;PORTEDAUTEUIL;9.258325499996426;617.2216999997617
MICHELBIZOT;BELAIR;8.556279000004869;570.4186000003245
MICHELBIZOT;DAUMESNIL;11.381179500011495;758.7453000007663
MICHELBIZOT;PICPUS;14.308218000011404;953.8812000007603
MICHELBIZOT;PORTEDECHARENTON;7.611893999990425;507.45959999936167
MICHELBIZOT;PORTEDOREE;7.243289999990375;482.8859999993583
MIRABEAU;CHARDONLAGACHE;10.137466499999283;675.8310999999522
MIRABEAU;EGLISEDAUTEUIL;4.061768999991473;270.7845999994315
MIRABEAU;JASMIN;13.97423999999708;931.6159999998054
MIRABEAU;JAVELANDRECITROEN;7.1612535000080255;477.416900000535
MIRABEAU;MICHELANGEAUTEUIL;10.908439499996602;727.2292999997735
MIROMESNIL;CHAMPSELYSEESCLEMENCEAU;10.921787999992377;728.1191999994918
MIROMESNIL;FRANKLINDROOSEVELT;13.992049499991698;932.8032999994465
MIROMESNIL;HAVRECAUMARTIN;14.679805499996874;978.6536999997916
MIROMESNIL;STAUGUSTIN;8.796313500003889;586.4209000002592
MIROMESNIL;STLAZARE;13.982104499996057;932.1402999997372
MIROMESNIL;STPHILIPPEDUROULE;7.147501500002692;476.50010000017943
MIROMESNIL;VILLIERS;13.139604000003894;875.9736000002596
MONCEAU;COURCELLES;8.536381499986165;569.0920999990777
MONCEAU;MALESHERBES;4.480788000009489;298.7192000006326
MONCEAU;STPHILIPPEDUROULE;13.922873999998556;928.1915999999037
MONCEAU;VILLIERS;7.422115500008804;494.8077000005869
MONCEAU;WAGRAM;10.85517000000982;723.6780000006547
MONTGALLET;DAUMESNIL;14.285435999998008;952.3623999998672
MONTGALLET;DUGOMMIER;9.518569500004524;634.5713000003017
MONTGALLET;NATION;11.314268999994965;754.2845999996644
MONTGALLET;PICPUS;13.347358500002885;889.8239000001923
MONTGALLET;REUILLYDIDEROT;8.932806000000564;595.5204000000376
MONTGALLET;RUEDESBOULETS;13.858595999999672;923.9063999999781
MONTPARNASSEBIENVENUE;DUROC;12.825035999996473;855.0023999997649
MONTPARNASSEBIENVENUE;EDGARQUINET;8.048754000003683;536.5836000002455
MONTPARNASSEBIENVENUE;FALGUIERE;7.71906600000104;514.6044000000693
MONTPARNASSEBIENVENUE;GAITE;7.0857059999898775;472.38039999932516
MONTPARNASSEBIENVENUE;NOTREDAMEDESCHAMPS;12.963039000001151;864.2026000000768
MONTPARNASSEBIENVENUE;PASTEUR;10.35037500000035;690.0250000000233
MONTPARNASSEBIENVENUE;STPLACIDE;14.052085499998649;936.8056999999098
MONTPARNASSEBIENVENUE;VANEAU;11.271867000001366;751.4578000000911
MONTPARNASSEBIENVENUE;VAVIN;8.632869000008796;575.5246000005864
MOUTONDUVERNET;ALESIA;7.691998499996263;512.7998999997509
MOUTONDUVERNET;DENFERTROCHEREAU;6.1546035000047405;410.30690000031603
MOUTONDUVERNET;RASPAIL;14.351640000002806;956.7760000001871
MOUTONDUVERNET;STJACQUES;11.11971749999968;741.3144999999787
NATION;AVRON;9.607807500003254;640.5205000002169
NATION;BUZENVAL;13.086092999999527;872.4061999999685
NATION;DAUMESNIL;13.454954999994369;896.9969999996246
NATION;MONTGALLET;11.314268999994965;754.2845999996644
NATION;PICPUS;10.527916499994463;701.8610999996308
NATION;REUILLYDIDEROT;10.52610599999316;701.740399999544
NATION;RUEDESBOULETS;14.689077000003307;979.2718000002204
NATIONALE;CAMPOFORMIO;8.245969500005012;549.7313000003342
NATIONALE;CHEVALERET;8.666040000012726;577.7360000008484
NATIONALE;PLACEDITALIE;11.71970399998594;781.3135999990627
NATIONALE;STMARCEL;10.717050000006566;714.4700000004377
NOTREDAMEDELORETTE;ABBESSES;14.479444499990207;965.2962999993471
NOTREDAMEDELORETTE;CADET;7.1459399999992455;476.3959999999497
NOTREDAMEDELORETTE;CHAUSSEEDANTINLAFAYETTE;10.002850500003552;666.8567000002369
NOTREDAMEDELORETTE;GRANDSBOULEVARDS;13.334527499995891;888.9684999997261
NOTREDAMEDELORETTE;LEPELETIER;4.471545000000042;298.1030000000028
NOTREDAMEDELORETTE;PIGALLE;11.181754499996895;745.4502999997931
NOTREDAMEDELORETTE;POISSONNIERE;14.480594999995082;965.3729999996722
NOTREDAMEDELORETTE;QUATRESEPTEMBRE;12.652403999998931;843.4935999999287
NOTREDAMEDELORETTE;RICHELIEUDROUOT;8.281210500000743;552.0807000000495
NOTREDAMEDELORETTE;STGEORGES;4.291077000004007;286.07180000026716
NOTREDAMEDELORETTE;TRINITEDESTIENNEDORVES;6.4106354999978805;427.3756999998587
NOTREDAMEDESCHAMPS;EDGARQUINET;9.810531000004266;654.0354000002844
NOTREDAMEDESCHAMPS;FALGUIERE;12.718422000000135;847.894800000009
NOTREDAMEDESCHAMPS;MONTPARNASSEBIENVENUE;12.963039000001151;864.2026000000768
NOTREDAMEDESCHAMPS;RASPAIL;12.080296499993999;805.3530999996
NOTREDAMEDESCHAMPS;RENNES;6.918565500000841;461.23770000005607
NOTREDAMEDESCHAMPS;SEVRESBABYLONE;12.876520499991019;858.4346999994012
NOTREDAMEDESCHAMPS;STPLACIDE;5.404756499996291;360.31709999975277
NOTREDAMEDESCHAMPS;STSULPICE;14.024021999997206;934.9347999998137
NOTREDAMEDESCHAMPS;VANEAU;14.754329999999607;983.6219999999738
NOTREDAMEDESCHAMPS;VAVIN;4.76130299999204;317.42019999946933
OBERKAMPF;ARTSETMETIERS;14.056430999991136;937.095399999409
OBERKAMPF;CHEMINVERT;12.49782000000123;833.188000000082
OBERKAMPF;FILLESDUCALVAIRE;4.262764500004705;284.18430000031367
OBERKAMPF;GONCOURT;11.840389499989689;789.3592999993126
OBERKAMPF;PARMENTIER;7.739330999999656;515.9553999999771
OBERKAMPF;REPUBLIQUE;9.792401999990108;652.8267999993406
OBERKAMPF;RICHARDLENOIR;11.802606000008529;786.8404000005686
OBERKAMPF;RUESTMAUR;14.685096000001067;979.0064000000712
OBERKAMPF;STAMBROISE;13.034394000002651;868.9596000001767
OBERKAMPF;STSEBASTIENFROISSART;7.174887000006857;478.3258000004571
OBERKAMPF;TEMPLE;10.968703499988186;731.2468999992124
ODEON;CITE;12.720583500014618;848.0389000009745
ODEON;CLUNYLASORBONNE;7.113113999999478;474.2075999999652
ODEON;MABILLON;5.8742460000043515;391.61640000029007
ODEON;MAUBERTMUTUALITE;12.83586149999639;855.7240999997593
ODEON;PONTNEUF;13.250262000001968;883.3508000001311
ODEON;STGERMAINDESPRES;8.951104500002693;596.7403000001794
ODEON;STMICHEL;5.342135999994935;356.1423999996623
ODEON;STSULPICE;10.302900000003284;686.8600000002189
OLYMPIADES;BIBLIOTHEQUEFRANCOISMITTERRAND;13.000082999989973;866.6721999993315
OLYMPIADES;CHEVALERET;13.008565500000842;867.2377000000561
OLYMPIADES;PORTEDIVRY;11.1827714999998;745.5180999999867
OLYMPIADES;TOLBIAC;13.203139500005054;880.209300000337
OPERA;BOURSE;12.185569499994745;812.3712999996496
OPERA;CHAUSSEEDANTINLAFAYETTE;5.2916550000052665;352.7770000003511
OPERA;GRANDSBOULEVARDS;13.426200000011598;895.0800000007731
OPERA;HAVRECAUMARTIN;10.40268450000789;693.512300000526
OPERA;MADELEINE;8.552795999994851;570.1863999996567
OPERA;PYRAMIDES;9.585806999998168;639.0537999998778
OPERA;QUATRESEPTEMBRE;5.719876499989768;381.3250999993179
OPERA;RICHELIEUDROUOT;9.412197000008307;627.4798000005538
OPERA;TRINITEDESTIENNEDORVES;9.956076000007453;663.7384000004969
OPERA;TUILERIES;12.81727199998917;854.484799999278
OURCQ;LAUMIERE;11.188775999992504;745.9183999995003
OURCQ;PORTEDEPANTIN;7.925514000001713;528.3676000001142
PALAISROYALMUSEEDULOUVRE;LESHALLES;10.235995500002756;682.3997000001838
PALAISROYALMUSEEDULOUVRE;LOUVRERIVOLI;7.667871000003653;511.1914000002435
PALAISROYALMUSEEDULOUVRE;PONTNEUF;12.640836000004786;842.722400000319
PALAISROYALMUSEEDULOUVRE;PYRAMIDES;8.411468999991193;560.7645999994129
PALAISROYALMUSEEDULOUVRE;QUATRESEPTEMBRE;12.277399499999593;818.4932999999728
PALAISROYALMUSEEDULOUVRE;TUILERIES;10.365653999999633;691.0435999999755
PARMENTIER;BELLEVILLE;13.282760999991444;885.5173999994296
PARMENTIER;COURONNES;12.957826500000666;863.8551000000443
PARMENTIER;FILLESDUCALVAIRE;12.002095500004364;800.1397000002909
PARMENTIER;GONCOURT;11.650483499988914;776.6988999992609
PARMENTIER;MENILMONTANT;12.207775499991255;813.8516999994171
PARMENTIER;OBERKAMPF;7.739330999999656;515.9553999999771
PARMENTIER;RICHARDLENOIR;11.957373000007934;797.1582000005288
PARMENTIER;RUESTMAUR;8.825453999998862;588.3635999999241
PARMENTIER;STAMBROISE;7.174752000000444;478.3168000000296
PARMENTIER;STSEBASTIENFROISSART;14.914218000006512;994.2812000004342
PASSY;BIRHAKEIM;9.70619849999668;647.0798999997786
PASSY;LAMUETTE;13.93407150000392;928.9381000002613
PASSY;TROCADERO;9.921686999996307;661.4457999997538
PASTEUR;DUROC;11.829701999996324;788.6467999997549
PASTEUR;FALGUIERE;8.517048000001232;567.8032000000821
PASTEUR;MONTPARNASSEBIENVENUE;10.35037500000035;690.0250000000233
PASTEUR;SEGUR;13.264744500004456;884.316300000297
PASTEUR;SEVRESLECOURBE;8.521094999997876;568.0729999998584
PASTEUR;VOLONTAIRES;7.278569999996688;485.2379999997792
PELLEPORT;GAMBETTA;8.735809500007889;582.3873000005259
PELLEPORT;PORTEDEBAGNOLET;13.52836200000078;901.890800000052
PELLEPORT;STFARGEAU;9.377638499996976;625.1758999997984
PELLEPORT;TELEGRAPHE;14.630100000003006;975.3400000002003
PEREIRE;PORTEDECHAMPERRET;7.188999000003097;479.26660000020644
PEREIRE;TERNES;12.09549449999817;806.3662999998779
PEREIRE;WAGRAM;9.509653500000132;633.9769000000089
PERELACHAISE;MENILMONTANT;11.545579499984742;769.7052999989828
PERELACHAISE;PHILIPPEAUGUSTE;9.28407300001185;618.93820000079
PERELACHAISE;RUESTMAUR;9.922298999993943;661.4865999995963
PERNETY;GAITE;12.715680000002614;847.7120000001743
PERNETY;PLAISANCE;7.868893500005942;524.5929000003962
PHILIPPEAUGUSTE;ALEXANDREDUMAS;8.816618999996571;587.7745999997713
PHILIPPEAUGUSTE;CHARONNE;11.081553000003915;738.770200000261
PHILIPPEAUGUSTE;PERELACHAISE;9.28407300001185;618.93820000079
PHILIPPEAUGUSTE;RUEDESBOULETS;10.722722999996623;714.8481999997749
PHILIPPEAUGUSTE;VOLTAIRE;11.542285499995925;769.4856999997284
PICPUS;AVRON;13.986371999997065;932.4247999998043
PICPUS;BELAIR;6.661836000006878;444.1224000004585
PICPUS;BUZENVAL;11.469472499993278;764.6314999995519
PICPUS;MICHELBIZOT;14.308218000011404;953.8812000007603
PICPUS;MONTGALLET;13.347358500002885;889.8239000001923
PICPUS;NATION;10.527916499994463;701.8610999996308
PICPUS;PORTEDEVINCENNES;13.193861999996589;879.5907999997726
PIERREETMARIECURIE;MAIRIEDIVRY;14.971238999992492;998.0825999994995
PIGALLE;ABBESSES;4.421441999993403;294.76279999956023
PIGALLE;ANVERS;8.261517000002204;550.767800000147
PIGALLE;BLANCHE;8.548748999994714;569.9165999996476
PIGALLE;LAMARCKCAULAINCOURT;13.849630499995547;923.3086999997031
PIGALLE;NOTREDAMEDELORETTE;11.181754499996895;745.4502999997931
PIGALLE;PLACEDECLICHY;12.514411499992127;834.2940999994752
PIGALLE;STGEORGES;6.890677499992889;459.37849999952596
PLACEDECLICHY;ABBESSES;12.674182500002209;844.9455000001473
PLACEDECLICHY;BLANCHE;5.035477500004345;335.69850000028964
PLACEDECLICHY;EUROPE;14.229044999994805;948.6029999996537
PLACEDECLICHY;LAFOURCHE;8.187037500001606;545.8025000001071
PLACEDECLICHY;LIEGE;7.58664749998483;505.77649999898864
PLACEDECLICHY;PIGALLE;12.514411499992127;834.2940999994752
PLACEDECLICHY;ROME;9.494393999995664;632.9595999997109
PLACEDESFETES;BOTZARIS;8.478691500006825;565.2461000004549
PLACEDESFETES;DANUBE;8.87742000000144;591.828000000096
PLACEDESFETES;JOURDAIN;6.985432499996969;465.6954999997979
PLACEDESFETES;PRESTGERVAIS;11.628680999998467;775.2453999998978
PLACEDESFETES;PYRENEES;13.527316500000888;901.8211000000592
PLACEDESFETES;TELEGRAPHE;8.964439499991713;597.6292999994475
PLACEDITALIE;CAMPOFORMIO;11.146408499992683;743.0938999995122
PLACEDITALIE;CORVISART;7.628934000010487;508.5956000006991
PLACEDITALIE;GLACIERE;13.657810499999904;910.5206999999937
PLACEDITALIE;LESGOBELINS;11.410931999995372;760.7287999996914
PLACEDITALIE;NATIONALE;11.71970399998594;781.3135999990627
PLACEDITALIE;TOLBIAC;9.370035000005156;624.6690000003438
PLACEMONGE;CARDINALLEMOINE;6.9368549999920655;462.456999999471
PLACEMONGE;CENSIERDAUBENTON;4.5321615000109885;302.1441000007326
PLACEMONGE;JUSSIEU;8.270444999989705;551.3629999993136
PLACEMONGE;LESGOBELINS;11.988933000003453;799.2622000002302
PLAISANCE;PERNETY;7.868893500005942;524.5929000003962
POISSONNIERE;BARBESROCHECHOUART;10.950247499995164;730.0164999996776
POISSONNIERE;BONNENOUVELLE;13.034064000004435;868.9376000002957
POISSONNIERE;CADET;7.901333999993513;526.7555999995676
POISSONNIERE;GAREDELEST;11.314639499999465;754.3092999999644
POISSONNIERE;GAREDUNORD;13.304593500007758;886.9729000005173
POISSONNIERE;LEPELETIER;13.894049999995039;926.2699999996693
POISSONNIERE;NOTREDAMEDELORETTE;14.480594999995082;965.3729999996722
POISSONNIERE;STGEORGES;14.943657000007805;996.2438000005204
PONTDESEVRES;BILLANCOURT;12.650351999999256;843.3567999999503
PONTMARIE;CITE;13.171510500009756;878.1007000006504
PONTMARIE;HOTELDEVILLE;12.652726499994168;843.5150999996113
PONTMARIE;STPAUL;6.934196999991546;462.27979999943636
PONTMARIE;SULLYMORLAND;9.218548500000033;614.5699000000021
PONTNEUF;CHATELET;8.550924000000231;570.0616000000153
PONTNEUF;CITE;11.630122499987486;775.3414999991656
PONTNEUF;CLUNYLASORBONNE;14.675366999999971;978.3577999999981
PONTNEUF;HOTELDEVILLE;12.148906500003068;809.9271000002045
PONTNEUF;LESHALLES;10.082821500002174;672.1881000001449
PONTNEUF;LOUVRERIVOLI;4.972965000001132;331.53100000007544
PONTNEUF;ODEON;13.250262000001968;883.3508000001311
PONTNEUF;PALAISROYALMUSEEDULOUVRE;12.640836000004786;842.722400000319
PONTNEUF;STMICHEL;10.076898000008077;671.7932000005385
PORTEDAUPHINE;RUEDELAPOMPE;13.524789000000455;901.6526000000304
PORTEDAUPHINE;VICTORHUGO;11.91884699999413;794.5897999996087
PORTEDAUTEUIL;CHARDONLAGACHE;14.234215499993295;948.947699999553
PORTEDAUTEUIL;EGLISEDAUTEUIL;14.013135000003967;934.2090000002645
PORTEDAUTEUIL;EXELMANS;10.857670500003731;723.8447000002487
PORTEDAUTEUIL;MICHELANGEAUTEUIL;7.166464499998837;477.7642999999225
PORTEDAUTEUIL;MICHELANGEMOLITOR;9.258325499996426;617.2216999997617
PORTEDEBAGNOLET;GALLIENI;10.700275499998243;713.3516999998828
PORTEDEBAGNOLET;GAMBETTA;10.553686499994363;703.5790999996242
PORTEDEBAGNOLET;PELLEPORT;13.52836200000078;901.890800000052
PORTEDECHAMPERRET;LOUISEMICHEL;9.807431999988037;653.8287999992025
PORTEDECHAMPERRET;PEREIRE;7.188999000003097;479.26660000020644
PORTEDECHARENTON;BELAIR;14.119199999993436;941.2799999995624
PORTEDECHARENTON;MICHELBIZOT;7.611893999990425;507.45959999936167
PORTEDECHARENTON;PORTEDOREE;7.026143999998458;468.4095999998972
PORTEDECHOISY;MAISONBLANCHE;10.963572000005515;730.9048000003677
PORTEDECHOISY;PORTEDITALIE;6.37065899999463;424.710599999642
PORTEDECHOISY;PORTEDIVRY;7.686238500005566;512.4159000003712
PORTEDECLICHY;BROCHANT;13.162704000002707;877.5136000001804
PORTEDECLIGNANCOURT;JULESJOFFRIN;8.554022999997251;570.2681999998167
PORTEDECLIGNANCOURT;SIMPLON;8.959975499990977;597.3316999993984
PORTEDELACHAPELLE;MARXDORMOY;11.724418500001194;781.6279000000796
PORTEDELAVILLETTE;CORENTINCARIOU;7.550413499999559;503.36089999997057
PORTEDEMONTREUIL;BUZENVAL;13.401471000001766;893.4314000001177
PORTEDEMONTREUIL;MARAICHERS;6.332395500001148;422.15970000007655
PORTEDEMONTREUIL;PORTEDEVINCENNES;11.260612499996785;750.7074999997857
PORTEDEPANTIN;DANUBE;12.352912499999512;823.5274999999674
PORTEDEPANTIN;OURCQ;7.925514000001713;528.3676000001142
PORTEDESLILAS;PRESTGERVAIS;13.019908499993036;867.9938999995358
PORTEDESLILAS;STFARGEAU;10.671460500000396;711.4307000000264
PORTEDESLILAS;TELEGRAPHE;11.169167999997153;744.6111999998102
PORTEDESTCLOUD;EXELMANS;11.553799499991;770.2532999993999
PORTEDESTOUEN;GUYMOQUET;9.29803950000729;619.869300000486
PORTEDEVERSAILLES;BOUCICAUT;14.464986000008063;964.3324000005374
PORTEDEVINCENNES;MARAICHERS;13.707479999993813;913.8319999995875
PORTEDEVINCENNES;PICPUS;13.193861999996589;879.5907999997726
PORTEDEVINCENNES;PORTEDEMONTREUIL;11.260612499996785;750.7074999997857
PORTEDEVINCENNES;STMANDE;11.683869000012633;778.9246000008421
PORTEDITALIE;MAISONBLANCHE;6.684761999999172;445.6507999999448
PORTEDITALIE;PORTEDECHOISY;6.37065899999463;424.710599999642
PORTEDITALIE;PORTEDIVRY;14.056897500000195;937.126500000013
PORTEDITALIE;TOLBIAC;14.64582749999652;976.388499999768
PORTEDIVRY;MAISONBLANCHE;13.798567499999187;919.9044999999459
PORTEDIVRY;OLYMPIADES;11.1827714999998;745.5180999999867
PORTEDIVRY;PORTEDECHOISY;7.686238500005566;512.4159000003712
PORTEDIVRY;PORTEDITALIE;14.056897500000195;937.126500000013
PORTEDOREE;MICHELBIZOT;7.243289999990375;482.8859999993583
PORTEDOREE;PORTEDECHARENTON;7.026143999998458;468.4095999998972
PORTEDORLEANS;ALESIA;9.76980150000716;651.3201000004773
PORTEDORLEANS;MAIRIEDEMONTROUGE;14.336605499996805;955.773699999787
PORTEMAILLOT;ARGENTINE;10.073386500006311;671.5591000004207
PRESTGERVAIS;BOTZARIS;11.595703499990632;773.0468999993755
PRESTGERVAIS;DANUBE;9.30265500000387;620.1770000002581
PRESTGERVAIS;PLACEDESFETES;11.628680999998467;775.2453999998978
PRESTGERVAIS;PORTEDESLILAS;13.019908499993036;867.9938999995358
PRESTGERVAIS;TELEGRAPHE;7.684909499989589;512.3272999993059
PYRAMIDES;BOURSE;11.538574500003016;769.238300000201
PYRAMIDES;CHAUSSEEDANTINLAFAYETTE;12.450066000004881;830.0044000003254
PYRAMIDES;CONCORDE;14.976606000009925;998.4404000006616
PYRAMIDES;OPERA;9.585806999998168;639.0537999998778
PYRAMIDES;PALAISROYALMUSEEDULOUVRE;8.411468999991193;560.7645999994129
PYRAMIDES;QUATRESEPTEMBRE;8.122267500007291;541.484500000486
PYRAMIDES;RICHELIEUDROUOT;14.892363000005714;992.824200000381
PYRAMIDES;TUILERIES;7.3371059999917625;489.14039999945084
PYRENEES;BELLEVILLE;12.939065999997547;862.6043999998365
PYRENEES;BOTZARIS;13.560294000008724;904.0196000005817
PYRENEES;BUTTESCHAUMONT;11.770094999999273;784.6729999999516
PYRENEES;COURONNES;13.264000499988324;884.2666999992216
PYRENEES;JOURDAIN;6.54188400000392;436.12560000026133
PYRENEES;MENILMONTANT;14.01405149999773;934.2700999998488
PYRENEES;PLACEDESFETES;13.527316500000888;901.8211000000592
QUAIDELAGARE;BERCY;12.31857000001066;821.2380000007106
QUAIDELAGARE;BIBLIOTHEQUEFRANCOISMITTERRAND;14.916346499998472;994.4230999998981
QUAIDELAGARE;CHEVALERET;8.6588249999861;577.2549999990733
QUAIDELARAPEE;BASTILLE;13.790745000003955;919.3830000002637
QUAIDELARAPEE;GAREDAUSTERLITZ;7.7293664999865;515.2910999991
QUAIDELARAPEE;GAREDELYON;10.892365499997975;726.157699999865
QUAIDELARAPEE;JUSSIEU;12.767098499999266;851.139899999951
QUAIDELARAPEE;SULLYMORLAND;12.12713850000815;808.4759000005433
QUATRESEPTEMBRE;BOURSE;6.465693000004977;431.0462000003318
QUATRESEPTEMBRE;CHAUSSEEDANTINLAFAYETTE;8.584135499996481;572.2756999997654
QUATRESEPTEMBRE;GRANDSBOULEVARDS;10.784098500001711;718.9399000001141
QUATRESEPTEMBRE;LEPELETIER;13.238948999998975;882.5965999999316
QUATRESEPTEMBRE;MADELEINE;13.117321499994139;874.4880999996093
QUATRESEPTEMBRE;NOTREDAMEDELORETTE;12.652403999998931;843.4935999999287
QUATRESEPTEMBRE;OPERA;5.719876499989768;381.3250999993179
QUATRESEPTEMBRE;PALAISROYALMUSEEDULOUVRE;12.277399499999593;818.4932999999728
QUATRESEPTEMBRE;PYRAMIDES;8.122267500007291;541.484500000486
QUATRESEPTEMBRE;RICHELIEUDROUOT;6.770095499998424;451.33969999989495
RAMBUTEAU;ARTSETMETIERS;10.453816500004029;696.9211000002687
RAMBUTEAU;CHATELET;13.28310749999655;885.54049999977
RAMBUTEAU;ETIENNEMARCEL;9.425275499999987;628.3516999999991
RAMBUTEAU;HOTELDEVILLE;8.360813999996754;557.3875999997837
RAMBUTEAU;LESHALLES;10.516827000008195;701.1218000005464
RAMBUTEAU;LOUVRERIVOLI;14.189548499993398;945.9698999995599
RAMBUTEAU;REAUMURSEBASTOPOL;10.078509000011254;671.9006000007503
RAMBUTEAU;STRASBOURGSTDENIS;14.910696000008613;994.0464000005742
RANELAGH;JASMIN;7.124941499996347;474.9960999997565
RANELAGH;LAMUETTE;8.722008000002825;581.4672000001883
RASPAIL;DENFERTROCHEREAU;10.212307499998717;680.8204999999144
RASPAIL;EDGARQUINET;7.660948499988298;510.72989999921987
RASPAIL;GAITE;9.578407499996828;638.5604999997886
RASPAIL;MOUTONDUVERNET;14.351640000002806;956.7760000001871
RASPAIL;NOTREDAMEDESCHAMPS;12.080296499993999;805.3530999996
RASPAIL;VAVIN;7.3189935000019615;487.93290000013076
REAUMURSEBASTOPOL;ARTSETMETIERS;6.854731500007329;456.9821000004886
REAUMURSEBASTOPOL;BONNENOUVELLE;8.067518999988678;537.8345999992453
REAUMURSEBASTOPOL;CHATEAUDEAU;14.571125999995857;971.4083999997238
REAUMURSEBASTOPOL;ETIENNEMARCEL;7.73808450001292;515.8723000008613
REAUMURSEBASTOPOL;LESHALLES;13.745436000003247;916.3624000002164
REAUMURSEBASTOPOL;RAMBUTEAU;10.078509000011254;671.9006000007503
REAUMURSEBASTOPOL;REPUBLIQUE;14.788276499992351;985.8850999994901
REAUMURSEBASTOPOL;SENTIER;6.6533294999913775;443.5552999994252
REAUMURSEBASTOPOL;STRASBOURGSTDENIS;7.8332969999976925;522.2197999998461
REAUMURSEBASTOPOL;TEMPLE;10.914740999989442;727.6493999992962
RENNES;DUROC;14.231560500005145;948.7707000003429
RENNES;EDGARQUINET;14.636323500004366;975.7549000002911
RENNES;NOTREDAMEDESCHAMPS;6.918565500000841;461.23770000005607
RENNES;RUEDUBAC;14.0268690000067;935.1246000004467
RENNES;SEVRESBABYLONE;5.95795499999018;397.19699999934534
RENNES;STPLACIDE;3.7367460000026034;249.11640000017357
RENNES;STSULPICE;9.198229499997103;613.2152999998069
RENNES;VANEAU;7.835764499998767;522.3842999999177
RENNES;VAVIN;11.679868499992883;778.6578999995255
REPUBLIQUE;ARTSETMETIERS;11.41185899999924;760.7905999999493
REPUBLIQUE;FILLESDUCALVAIRE;10.168660499996623;677.9106999997749
REPUBLIQUE;GONCOURT;12.059722499996425;803.9814999997617
REPUBLIQUE;JACQUESBONSERGENT;8.574703500000759;571.6469000000506
REPUBLIQUE;OBERKAMPF;9.792401999990108;652.8267999993406
REPUBLIQUE;REAUMURSEBASTOPOL;14.788276499992351;985.8850999994901
REPUBLIQUE;STRASBOURGSTDENIS;13.752850500007046;916.8567000004697
REPUBLIQUE;STSEBASTIENFROISSART;14.234906999999074;948.9937999999383
REPUBLIQUE;TEMPLE;3.873535500002909;258.2357000001939
REUILLYDIDEROT;CHARONNE;12.905450999991734;860.3633999994489
REUILLYDIDEROT;FAIDHERBECHALIGNY;7.251628499990911;483.4418999993941
REUILLYDIDEROT;GAREDELYON;14.572429500006256;971.495300000417
REUILLYDIDEROT;MONTGALLET;8.932806000000564;595.5204000000376
REUILLYDIDEROT;NATION;10.52610599999316;701.740399999544
REUILLYDIDEROT;RUEDESBOULETS;11.739869999997318;782.6579999998212
RICHARDLENOIR;BREGUETSABIN;8.136710999990465;542.4473999993643
RICHARDLENOIR;CHEMINVERT;8.279777999992948;551.9851999995299
RICHARDLENOIR;FILLESDUCALVAIRE;11.426347500002013;761.7565000001342
RICHARDLENOIR;OBERKAMPF;11.802606000008529;786.8404000005686
RICHARDLENOIR;PARMENTIER;11.957373000007934;797.1582000005288
RICHARDLENOIR;STAMBROISE;5.0040990000078445;333.606600000523
RICHARDLENOIR;STSEBASTIENFROISSART;7.360100999999559;490.67339999997057
RICHARDLENOIR;VOLTAIRE;13.770691499997046;918.0460999998031
RICHELIEUDROUOT;BOURSE;6.986932500001857;465.7955000001238
RICHELIEUDROUOT;CADET;12.46156950000208;830.7713000001386
RICHELIEUDROUOT;CHAUSSEEDANTINLAFAYETTE;8.062895999999599;537.5263999999733
RICHELIEUDROUOT;GRANDSBOULEVARDS;5.0533169999951495;336.88779999967664
RICHELIEUDROUOT;LEPELETIER;6.468853500000551;431.25690000003675
RICHELIEUDROUOT;NOTREDAMEDELORETTE;8.281210500000743;552.0807000000495
RICHELIEUDROUOT;OPERA;9.412197000008307;627.4798000005538
RICHELIEUDROUOT;PYRAMIDES;14.892363000005714;992.824200000381
RICHELIEUDROUOT;QUATRESEPTEMBRE;6.770095499998424;451.33969999989495
RICHELIEUDROUOT;STGEORGES;12.57228750000475;838.1525000003166
RICHELIEUDROUOT;TRINITEDESTIENNEDORVES;14.691845999998625;979.4563999999083
RIQUET;BOLIVAR;12.580372499997614;838.6914999998409
RIQUET;CRIMEE;7.634143500000356;508.9429000000237
RIQUET;JAURES;12.102563999992562;806.8375999995042
RIQUET;LAUMIERE;11.101384499996783;740.0922999997856
RIQUET;STALINGRAD;11.778009000006714;785.2006000004476
ROME;BLANCHE;14.529871500000008;968.6581000000006
ROME;EUROPE;6.814362000001129;454.29080000007525
ROME;LAFOURCHE;13.251367499997725;883.4244999998483
ROME;LIEGE;10.662841499989154;710.8560999992769
ROME;MALESHERBES;14.661303000006011;977.4202000004008
ROME;PLACEDECLICHY;9.494393999995664;632.9595999997109
ROME;STAUGUSTIN;12.805337999993355;853.689199999557
ROME;STLAZARE;13.993641000003555;932.9094000002369
ROME;VILLIERS;8.46204749999335;564.1364999995567
RUEDELAPOMPE;LAMUETTE;14.294017500001356;952.9345000000903
RUEDELAPOMPE;PORTEDAUPHINE;13.524789000000455;901.6526000000304
RUEDELAPOMPE;TROCADERO;10.531392000004999;702.0928000003332
RUEDESBOULETS;ALEXANDREDUMAS;12.48843300000066;832.562200000044
RUEDESBOULETS;AVRON;11.230621500000709;748.7081000000472
RUEDESBOULETS;BUZENVAL;13.74752100000449;916.5014000002993
RUEDESBOULETS;CHARONNE;7.979660999992629;531.9773999995086
RUEDESBOULETS;FAIDHERBECHALIGNY;9.365812500008033;624.3875000005355
RUEDESBOULETS;MONTGALLET;13.858595999999672;923.9063999999781
RUEDESBOULETS;NATION;14.689077000003307;979.2718000002204
RUEDESBOULETS;PHILIPPEAUGUSTE;10.722722999996623;714.8481999997749
RUEDESBOULETS;REUILLYDIDEROT;11.739869999997318;782.6579999998212
RUEDUBAC;ASSEMBLEENATIONALE;13.890773999994854;926.0515999996569
RUEDUBAC;RENNES;14.0268690000067;935.1246000004467
RUEDUBAC;SEVRESBABYLONE;8.068914000016521;537.9276000011015
RUEDUBAC;SOLFERINO;7.73378399999463;515.585599999642
RUEDUBAC;STGERMAINDESPRES;11.979921000003232;798.6614000002155
RUEDUBAC;STSULPICE;12.567742500010645;837.8495000007097
RUEDUBAC;VARENNE;14.011769999998505;934.1179999999003
RUESTMAUR;COURONNES;8.564863499999628;570.9908999999752
RUESTMAUR;MENILMONTANT;7.383688499989221;492.2458999992814
RUESTMAUR;OBERKAMPF;14.685096000001067;979.0064000000712
RUESTMAUR;PARMENTIER;8.825453999998862;588.3635999999241
RUESTMAUR;PERELACHAISE;9.922298999993943;661.4865999995963
RUESTMAUR;STAMBROISE;11.777361000002127;785.1574000001418
RUESTMAUR;VOLTAIRE;11.236036500004705;749.0691000003136
SEGUR;AVENUEEMILEZOLA;13.228838999995494;881.9225999996996
SEGUR;CAMBRONNE;5.6526164999976745;376.84109999984497
SEGUR;DUROC;10.79008350000833;719.3389000005554
SEGUR;ECOLEMILITAIRE;14.039702999992876;935.9801999995251
SEGUR;LAMOTTEPICQUETGRENELLE;12.176952000001911;811.7968000001274
SEGUR;PASTEUR;13.264744500004456;884.316300000297
SEGUR;SEVRESLECOURBE;4.743649500006577;316.24330000043847
SEGUR;VOLONTAIRES;9.799714500001283;653.3143000000855
SENTIER;ARTSETMETIERS;13.508060999998705;900.5373999999136
SENTIER;BONNENOUVELLE;8.054431499998318;536.9620999998879
SENTIER;BOURSE;9.832690500002936;655.5127000001958
SENTIER;ETIENNEMARCEL;7.306563000002643;487.1042000001762
SENTIER;GRANDSBOULEVARDS;11.766306000009644;784.420400000643
SENTIER;LESHALLES;10.407544499994255;693.836299999617
SENTIER;REAUMURSEBASTOPOL;6.6533294999913775;443.5552999994252
SENTIER;STRASBOURGSTDENIS;11.171188500006682;744.7459000004455
SEVRESBABYLONE;MABILLON;12.90549750001228;860.3665000008186
SEVRESBABYLONE;NOTREDAMEDESCHAMPS;12.876520499991019;858.4346999994012
SEVRESBABYLONE;RENNES;5.95795499999018;397.19699999934534
SEVRESBABYLONE;RUEDUBAC;8.068914000016521;537.9276000011015
SEVRESBABYLONE;STFRANCOISXAVIER;13.823310000010533;921.5540000007022
SEVRESBABYLONE;STGERMAINDESPRES;12.202884000011256;813.5256000007504
SEVRESBABYLONE;STPLACIDE;7.471763999994727;498.11759999964846
SEVRESBABYLONE;STSULPICE;6.010417500004988;400.69450000033254
SEVRESBABYLONE;VANEAU;9.704776499992004;646.9850999994669
SEVRESLECOURBE;CAMBRONNE;10.396266000004251;693.0844000002835
SEVRESLECOURBE;DUROC;10.447010999999474;696.467399999965
SEVRESLECOURBE;FALGUIERE;11.152403999997187;743.4935999998124
SEVRESLECOURBE;PASTEUR;8.521094999997876;568.0729999998584
SEVRESLECOURBE;SEGUR;4.743649500006577;316.24330000043847
SEVRESLECOURBE;VOLONTAIRES;8.661260999993537;577.4173999995692
SIMPLON;CHATEAUROUGE;13.000666500011576;866.7111000007717
SIMPLON;JULESJOFFRIN;5.916028500004322;394.40190000028815
SIMPLON;MARCADETPOISSONNIERS;6.363742500004009;424.2495000002673
SIMPLON;PORTEDECLIGNANCOURT;8.959975499990977;597.3316999993984
SOLFERINO;ASSEMBLEENATIONALE;6.156990000000223;410.4660000000149
SOLFERINO;CONCORDE;14.926354500005836;995.0903000003891
SOLFERINO;RUEDUBAC;7.73378399999463;515.585599999642
SOLFERINO;VARENNE;11.594042999996455;772.9361999997636
STALINGRAD;BOLIVAR;11.169358499989611;744.6238999993075
STALINGRAD;COLONELFABIEN;12.783755999982825;852.250399998855
STALINGRAD;JAURES;3.8324189999856753;255.49459999904502
STALINGRAD;LACHAPELLE;9.891912000006997;659.4608000004664
STALINGRAD;LAUMIERE;12.605539500012526;840.3693000008351
STALINGRAD;LOUISBLANC;9.409414499990524;627.2942999993683
STALINGRAD;RIQUET;11.778009000006714;785.2006000004476
STAMBROISE;BREGUETSABIN;13.140809999998307;876.0539999998872
STAMBROISE;CHEMINVERT;13.283877000000794;885.5918000000529
STAMBROISE;FILLESDUCALVAIRE;12.658135499996133;843.8756999997422
STAMBROISE;OBERKAMPF;13.034394000002651;868.9596000001767
STAMBROISE;PARMENTIER;7.174752000000444;478.3168000000296
STAMBROISE;RICHARDLENOIR;5.0040990000078445;333.606600000523
STAMBROISE;RUESTMAUR;11.777361000002127;785.1574000001418
STAMBROISE;STSEBASTIENFROISSART;8.59188899999368;572.7925999995787
STAMBROISE;VOLTAIRE;12.538903500002926;835.926900000195
STAUGUSTIN;CONCORDE;13.598581499994614;906.572099999641
STAUGUSTIN;EUROPE;8.070686999994214;538.0457999996142
STAUGUSTIN;HAVRECAUMARTIN;8.586695999998483;572.4463999998989
STAUGUSTIN;LIEGE;14.713084500004186;980.8723000002791
STAUGUSTIN;MADELEINE;11.591935500002;772.7957000001334
STAUGUSTIN;MIROMESNIL;8.796313500003889;586.4209000002592
STAUGUSTIN;ROME;12.805337999993355;853.689199999557
STAUGUSTIN;STLAZARE;5.185790999992168;345.7193999994779
STDENISPORTEDEPARIS;BASILIQUEDESTDENIS;14.748192000008421;983.2128000005614
STFARGEAU;PELLEPORT;9.377638499996976;625.1758999997984
STFARGEAU;PORTEDESLILAS;10.671460500000396;711.4307000000264
STFARGEAU;TELEGRAPHE;11.843590500005519;789.572700000368
STFRANCOISXAVIER;DUROC;10.245388500007104;683.0259000004736
STFRANCOISXAVIER;ECOLEMILITAIRE;14.584397999994106;972.293199999607
STFRANCOISXAVIER;LATOURMAUBOURG;14.654612999995587;976.9741999997058
STFRANCOISXAVIER;SEVRESBABYLONE;13.823310000010533;921.5540000007022
STFRANCOISXAVIER;VANEAU;11.945500500001945;796.3667000001296
STFRANCOISXAVIER;VARENNE;9.842094000005163;656.1396000003442
STGEORGES;ABBESSES;10.762417499986476;717.4944999990985
STGEORGES;ANVERS;14.602492499995279;973.4994999996852
STGEORGES;CADET;11.437017000003252;762.4678000002168
STGEORGES;CHAUSSEEDANTINLAFAYETTE;13.719877500007279;914.6585000004852
STGEORGES;LEPELETIER;8.762622000004049;584.1748000002699
STGEORGES;LIEGE;13.729777500000782;915.3185000000522
STGEORGES;NOTREDAMEDELORETTE;4.291077000004007;286.07180000026716
STGEORGES;PIGALLE;6.890677499992889;459.37849999952596
STGEORGES;POISSONNIERE;14.943657000007805;996.2438000005204
STGEORGES;RICHELIEUDROUOT;12.57228750000475;838.1525000003166
STGEORGES;TRINITEDESTIENNEDORVES;9.055456500005091;603.6971000003394
STGERMAINDESPRES;MABILLON;3.0768584999983437;205.12389999988957
STGERMAINDESPRES;ODEON;8.951104500002693;596.7403000001794
STGERMAINDESPRES;RUEDUBAC;11.979921000003232;798.6614000002155
STGERMAINDESPRES;SEVRESBABYLONE;12.202884000011256;813.5256000007504
STGERMAINDESPRES;STMICHEL;11.465749500010277;764.3833000006852
STGERMAINDESPRES;STSULPICE;6.192466500006268;412.83110000041785
STJACQUES;DENFERTROCHEREAU;6.900009000005666;460.00060000037774
STJACQUES;GLACIERE;10.009196999993293;667.2797999995529
STJACQUES;MOUTONDUVERNET;11.11971749999968;741.3144999999787
STLAZARE;CHAUSSEEDANTINLAFAYETTE;14.908369499991533;993.8912999994355
STLAZARE;EUROPE;7.179279000002425;478.6186000001617
STLAZARE;HAVRECAUMARTIN;7.3699439999903555;491.329599999357
STLAZARE;LIEGE;9.52729350001202;635.1529000008013
STLAZARE;MADELEINE;10.375183499993872;691.6788999995915
STLAZARE;MIROMESNIL;13.982104499996057;932.1402999997372
STLAZARE;ROME;13.993641000003555;932.9094000002369
STLAZARE;STAUGUSTIN;5.185790999992168;345.7193999994779
STLAZARE;TRINITEDESTIENNEDORVES;9.970249500007483;664.6833000004989
STMANDE;BERAULT;12.251066999993052;816.7377999995368
STMANDE;PORTEDEVINCENNES;11.683869000012633;778.9246000008421
STMARCEL;CAMPOFORMIO;7.2706784999999226;484.71189999999484
STMARCEL;CENSIERDAUBENTON;13.648543499992812;909.9028999995207
STMARCEL;CHEVALERET;13.702280999996585;913.4853999997723
STMARCEL;GAREDAUSTERLITZ;11.226786000007996;748.4524000005331
STMARCEL;LESGOBELINS;13.460003999996696;897.3335999997797
STMARCEL;NATIONALE;10.717050000006566;714.4700000004377
STMICHEL;CHATELET;11.375877000004985;758.3918000003323
STMICHEL;CITE;7.378447500019684;491.89650000131223
STMICHEL;CLUNYLASORBONNE;4.598468999991892;306.5645999994595
STMICHEL;MABILLON;8.749955999990926;583.330399999395
STMICHEL;MAUBERTMUTUALITE;10.321216499988806;688.0810999992536
STMICHEL;ODEON;5.342135999994935;356.1423999996623
STMICHEL;PONTNEUF;10.076898000008077;671.7932000005385
STMICHEL;STGERMAINDESPRES;11.465749500010277;764.3833000006852
STPAUL;BASTILLE;13.840835999994304;922.7223999996203
STPAUL;BREGUETSABIN;11.622408000013092;774.8272000008728
STPAUL;CHEMINVERT;11.479341000010606;765.2894000007071
STPAUL;HOTELDEVILLE;14.114791500003193;940.9861000002129
STPAUL;PONTMARIE;6.934196999991546;462.27979999943636
STPAUL;SULLYMORLAND;7.756483499991009;517.0988999994006
STPHILIPPEDUROULE;CHAMPSELYSEESCLEMENCEAU;11.360758499989753;757.3838999993169
STPHILIPPEDUROULE;FRANKLINDROOSEVELT;6.8445479999890075;456.3031999992672
STPHILIPPEDUROULE;GEORGEV;11.006774999995253;733.7849999996835
STPHILIPPEDUROULE;MIROMESNIL;7.147501500002692;476.50010000017943
STPHILIPPEDUROULE;MONCEAU;13.922873999998556;928.1915999999037
STPLACIDE;DUROC;11.049685499998159;736.6456999998773
STPLACIDE;EDGARQUINET;10.89957750000176;726.6385000001173
STPLACIDE;FALGUIERE;13.807468499997633;920.4978999998422
STPLACIDE;MONTPARNASSEBIENVENUE;14.052085499998649;936.8056999999098
STPLACIDE;NOTREDAMEDESCHAMPS;5.404756499996291;360.31709999975277
STPLACIDE;RENNES;3.7367460000026034;249.11640000017357
STPLACIDE;SEVRESBABYLONE;7.471763999994727;498.11759999964846
STPLACIDE;STSULPICE;12.934975499999707;862.3316999999805
STPLACIDE;VANEAU;9.349573500003316;623.3049000002211
STPLACIDE;VAVIN;10.166059499988332;677.7372999992222
STRASBOURGSTDENIS;ARTSETMETIERS;9.488821500006015;632.588100000401
STRASBOURGSTDENIS;BONNENOUVELLE;5.433428999989992;362.2285999993328
STRASBOURGSTDENIS;CHATEAUDEAU;6.7378289999981655;449.1885999998777
STRASBOURGSTDENIS;JACQUESBONSERGENT;9.459947999992293;630.6631999994862
STRASBOURGSTDENIS;RAMBUTEAU;14.910696000008613;994.0464000005742
STRASBOURGSTDENIS;REAUMURSEBASTOPOL;7.8332969999976925;522.2197999998461
STRASBOURGSTDENIS;REPUBLIQUE;13.752850500007046;916.8567000004697
STRASBOURGSTDENIS;SENTIER;11.171188500006682;744.7459000004455
STRASBOURGSTDENIS;TEMPLE;12.576549000008965;838.4366000005977
STSEBASTIENFROISSART;BREGUETSABIN;11.645570999992195;776.3713999994796
STSEBASTIENFROISSART;CHEMINVERT;7.198043999994407;479.8695999996271
STSEBASTIENFROISSART;FILLESDUCALVAIRE;4.066246500002453;271.08310000016354
STSEBASTIENFROISSART;OBERKAMPF;7.174887000006857;478.3258000004571
STSEBASTIENFROISSART;PARMENTIER;14.914218000006512;994.2812000004342
STSEBASTIENFROISSART;REPUBLIQUE;14.234906999999074;948.9937999999383
STSEBASTIENFROISSART;RICHARDLENOIR;7.360100999999559;490.67339999997057
STSEBASTIENFROISSART;STAMBROISE;8.59188899999368;572.7925999995787
STSULPICE;MABILLON;6.895080000007293;459.6720000004862
STSULPICE;NOTREDAMEDESCHAMPS;14.024021999997206;934.9347999998137
STSULPICE;ODEON;10.302900000003284;686.8600000002189
STSULPICE;RENNES;9.198229499997103;613.2152999998069
STSULPICE;RUEDUBAC;12.567742500010645;837.8495000007097
STSULPICE;SEVRESBABYLONE;6.010417500004988;400.69450000033254
STSULPICE;STGERMAINDESPRES;6.192466500006268;412.83110000041785
STSULPICE;STPLACIDE;12.934975499999707;862.3316999999805
SULLYMORLAND;BASTILLE;10.096741499996279;673.1160999997519
SULLYMORLAND;PONTMARIE;9.218548500000033;614.5699000000021
SULLYMORLAND;QUAIDELARAPEE;12.12713850000815;808.4759000005433
SULLYMORLAND;STPAUL;7.756483499991009;517.0988999994006
TELEGRAPHE;JOURDAIN;10.929204000005848;728.6136000003899
TELEGRAPHE;PELLEPORT;14.630100000003006;975.3400000002003
TELEGRAPHE;PLACEDESFETES;8.964439499991713;597.6292999994475
TELEGRAPHE;PORTEDESLILAS;11.169167999997153;744.6111999998102
TELEGRAPHE;PRESTGERVAIS;7.684909499989589;512.3272999993059
TELEGRAPHE;STFARGEAU;11.843590500005519;789.572700000368
TEMPLE;ARTSETMETIERS;7.5383234999963316;502.55489999975543
TEMPLE;FILLESDUCALVAIRE;11.344961999994702;756.3307999996468
TEMPLE;JACQUESBONSERGENT;7.39840200000268;493.2268000001786
TEMPLE;OBERKAMPF;10.968703499988186;731.2468999992124
TEMPLE;REAUMURSEBASTOPOL;10.914740999989442;727.6493999992962
TEMPLE;REPUBLIQUE;3.873535500002909;258.2357000001939
TEMPLE;STRASBOURGSTDENIS;12.576549000008965;838.4366000005977
TERNES;ARGENTINE;13.802161500004006;920.144100000267
TERNES;CHARLESDEGAULLEETOILE;8.642781000008107;576.1854000005404
TERNES;COURCELLES;7.778782500004161;518.5855000002774
TERNES;GEORGEV;12.331488000002572;822.0992000001715
TERNES;PEREIRE;12.09549449999817;806.3662999998779
TOLBIAC;CORVISART;13.148897999996553;876.5931999997701
TOLBIAC;MAISONBLANCHE;7.961065499997349;530.7376999998232
TOLBIAC;OLYMPIADES;13.203139500005054;880.209300000337
TOLBIAC;PLACEDITALIE;9.370035000005156;624.6690000003438
TOLBIAC;PORTEDITALIE;14.64582749999652;976.388499999768
TRINITEDESTIENNEDORVES;BLANCHE;13.319867999993729;887.9911999995819
TRINITEDESTIENNEDORVES;CADET;13.556575499997125;903.7716999998083
TRINITEDESTIENNEDORVES;CHAUSSEEDANTINLAFAYETTE;6.628949999999023;441.9299999999348
TRINITEDESTIENNEDORVES;HAVRECAUMARTIN;10.171582499999204;678.1054999999469
TRINITEDESTIENNEDORVES;LEPELETIER;10.88218049999792;725.4786999998614
TRINITEDESTIENNEDORVES;LIEGE;11.610219000006909;774.0146000004606
TRINITEDESTIENNEDORVES;NOTREDAMEDELORETTE;6.4106354999978805;427.3756999998587
TRINITEDESTIENNEDORVES;OPERA;9.956076000007453;663.7384000004969
TRINITEDESTIENNEDORVES;RICHELIEUDROUOT;14.691845999998625;979.4563999999083
TRINITEDESTIENNEDORVES;STGEORGES;9.055456500005091;603.6971000003394
TRINITEDESTIENNEDORVES;STLAZARE;9.970249500007483;664.6833000004989
TROCADERO;BOISSIERE;10.754620500003805;716.9747000002536
TROCADERO;IENA;11.545366500007805;769.6911000005204
TROCADERO;PASSY;9.921686999996307;661.4457999997538
TROCADERO;RUEDELAPOMPE;10.531392000004999;702.0928000003332
TROCADERO;VICTORHUGO;12.137334000011325;809.155600000755
TUILERIES;CONCORDE;13.022421000001485;868.161400000099
TUILERIES;OPERA;12.81727199998917;854.484799999278
TUILERIES;PALAISROYALMUSEEDULOUVRE;10.365653999999633;691.0435999999755
TUILERIES;PYRAMIDES;7.3371059999917625;489.14039999945084
VANEAU;DUROC;7.714596000005258;514.3064000003505
VANEAU;FALGUIERE;11.027250000000349;735.1500000000233
VANEAU;MONTPARNASSEBIENVENUE;11.271867000001366;751.4578000000911
VANEAU;NOTREDAMEDESCHAMPS;14.754329999999607;983.6219999999738
VANEAU;RENNES;7.835764499998767;522.3842999999177
VANEAU;SEVRESBABYLONE;9.704776499992004;646.9850999994669
VANEAU;STFRANCOISXAVIER;11.945500500001945;796.3667000001296
VANEAU;STPLACIDE;9.349573500003316;623.3049000002211
VARENNE;ASSEMBLEENATIONALE;13.069388999995427;871.2925999996951
VARENNE;ECOLEMILITAIRE;13.457472000010894;897.1648000007262
VARENNE;INVALIDES;10.355890499996024;690.3926999997349
VARENNE;LATOURMAUBOURG;6.397238999991096;426.4825999994064
VARENNE;RUEDUBAC;14.011769999998505;934.1179999999003
VARENNE;SOLFERINO;11.594042999996455;772.9361999997636
VARENNE;STFRANCOISXAVIER;9.842094000005163;656.1396000003442
VAUGIRARD;CONVENTION;8.602468500001121;573.4979000000748
VAUGIRARD;VOLONTAIRES;10.811563500005288;720.7709000003525
VAVIN;EDGARQUINET;5.480361000011908;365.35740000079386
VAVIN;GAITE;13.14677999999898;876.451999999932
VAVIN;MONTPARNASSEBIENVENUE;8.632869000008796;575.5246000005864
VAVIN;NOTREDAMEDESCHAMPS;4.76130299999204;317.42019999946933
VAVIN;RASPAIL;7.3189935000019615;487.93290000013076
VAVIN;RENNES;11.679868499992883;778.6578999995255
VAVIN;STPLACIDE;10.166059499988332;677.7372999992222
VICTORHUGO;ARGENTINE;14.100970499992835;940.0646999995223
VICTORHUGO;BOISSIERE;9.897928500009002;659.8619000006001
VICTORHUGO;KLEBER;12.044570999997086;802.9713999998057
VICTORHUGO;PORTEDAUPHINE;11.91884699999413;794.5897999996087
VICTORHUGO;TROCADERO;12.137334000011325;809.155600000755
VILLEJUIFLEOLAGRANGE;LEKREMLINBICETRE;10.879201499997869;725.280099999858
VILLIERS;EUROPE;11.800021500005386;786.6681000003591
VILLIERS;MALESHERBES;9.675643500001753;645.0429000001169
VILLIERS;MIROMESNIL;13.139604000003894;875.9736000002596
VILLIERS;MONCEAU;7.422115500008804;494.8077000005869
VILLIERS;ROME;8.46204749999335;564.1364999995567
VOLONTAIRES;PASTEUR;7.278569999996688;485.2379999997792
VOLONTAIRES;SEGUR;9.799714500001283;653.3143000000855
VOLONTAIRES;SEVRESLECOURBE;8.661260999993537;577.4173999995692
VOLONTAIRES;VAUGIRARD;10.811563500005288;720.7709000003525
VOLTAIRE;BREGUETSABIN;13.682134499995735;912.1422999997156
VOLTAIRE;CHARONNE;10.128388500006404;675.2259000004269
VOLTAIRE;CHEMINVERT;13.932748500002198;928.8499000001466
VOLTAIRE;PHILIPPEAUGUSTE;11.542285499995925;769.4856999997284
VOLTAIRE;RICHARDLENOIR;13.770691499997046;918.0460999998031
VOLTAIRE;RUESTMAUR;11.236036500004705;749.0691000003136
VOLTAIRE;STAMBROISE;12.538903500002926;835.926900000195
WAGRAM;COURCELLES;8.980870499996819;598.724699999788
WAGRAM;MALESHERBES;6.374382000000333;424.95880000002217
WAGRAM;MONCEAU;10.85517000000982;723.6780000006547
WAGRAM;PEREIRE;9.509653500000132;633.9769000000089
