start;stop;ligne;time;distance
LADEFENSE;ESPLANADEDELADEFENSE;1;2.2853185629470327;1142.6592814735163
ESPLANADEDELADEFENSE;PONTDENEUILLY;1;2.5412530742553434;1270.6265371276718
PONTDENEUILLY;LESSABLONS;1;2.3156594506325803;1157.82972531629
LESSABLONS;PORTEMAILLOT;1;2.3678341349855367;1183.9170674927684
PORTEMAILLOT;ARGENTINE;1;1.5030341968003544;751.5170984001772
ARGENTINE;CHARLESDEGAULLEETOILE;1;1.4416557148454583;720.8278574227292
CHARLESDEGAULLEETOILE;GEORGEV;1;1.431848742317014;715.924371158507
GEORGEV;FRANKLINDROOSEVELT;1;2.0061530851967326;1003.0765425983664
FRANKLINDROOSEVELT;CHAMPSELYSEESCLEMENCEAU;1;1.1185572091072238;559.2786045536119
CHAMPSELYSEESCLEMENCEAU;CONCORDE;1;1.7756814946881023;887.8407473440511
CONCORDE;TUILERIES;1;1.8026362899579311;901.3181449789656
TUILERIES;PALAISROYALMUSEEDULOUVRE;1;1.5342365252300931;767.1182626150465
PALAISROYALMUSEEDULOUVRE;LOUVRERIVOLI;1;1.2586532745910608;629.3266372955304
LOUVRERIVOLI;CHATELET;1;1.7779052615583508;888.9526307791754
CHATELET;HOTELDEVILLE;1;1.074838731939214;537.419365969607
HOTELDEVILLE;STPAUL;1;1.9638485674263773;981.9242837131886
STPAUL;BASTILLE;1;1.8720690320656632;936.0345160328316
BASTILLE;GAREDELYON;1;2.156631309256545;1078.3156546282723
GAREDELYON;REUILLYDIDEROT;1;2.194067476648744;1097.033738324372
REUILLYDIDEROT;NATION;1;1.8535818509669264;926.7909254834632
NATION;PORTEDEVINCENNES;1;2.642862082215916;1321.431041107958
PORTEDEVINCENNES;STMANDE;1;1.8823513011557969;941.1756505778984
STMANDE;BERAULT;1;1.9409941443205847;970.4970721602923
BERAULT;CHATEAUDEVINCENNES;1;2.1644047915489257;1082.202395774463
ESPLANADEDELADEFENSE;LADEFENSE;1;2.2853185629470327;1142.6592814735163
PONTDENEUILLY;ESPLANADEDELADEFENSE;1;2.5412530742553434;1270.6265371276718
LESSABLONS;PONTDENEUILLY;1;2.3156594506325803;1157.82972531629
PORTEMAILLOT;LESSABLONS;1;2.3678341349855367;1183.9170674927684
ARGENTINE;PORTEMAILLOT;1;1.5030341968003544;751.5170984001772
CHARLESDEGAULLEETOILE;ARGENTINE;1;1.4416557148454583;720.8278574227292
GEORGEV;CHARLESDEGAULLEETOILE;1;1.431848742317014;715.924371158507
FRANKLINDROOSEVELT;GEORGEV;1;2.0061530851967326;1003.0765425983664
CHAMPSELYSEESCLEMENCEAU;FRANKLINDROOSEVELT;1;1.1185572091072238;559.2786045536119
CONCORDE;CHAMPSELYSEESCLEMENCEAU;1;1.7756814946881023;887.8407473440511
TUILERIES;CONCORDE;1;1.8026362899579311;901.3181449789656
PALAISROYALMUSEEDULOUVRE;TUILERIES;1;1.5342365252300931;767.1182626150465
LOUVRERIVOLI;PALAISROYALMUSEEDULOUVRE;1;1.2586532745910608;629.3266372955304
CHATELET;LOUVRERIVOLI;1;1.7779052615583508;888.9526307791754
HOTELDEVILLE;CHATELET;1;1.074838731939214;537.419365969607
STPAUL;HOTELDEVILLE;1;1.9638485674263773;981.9242837131886
BASTILLE;STPAUL;1;1.8720690320656632;936.0345160328316
GAREDELYON;BASTILLE;1;2.156631309256545;1078.3156546282723
REUILLYDIDEROT;GAREDELYON;1;2.194067476648744;1097.033738324372
NATION;REUILLYDIDEROT;1;1.8535818509669264;926.7909254834632
PORTEDEVINCENNES;NATION;1;2.642862082215916;1321.431041107958
STMANDE;PORTEDEVINCENNES;1;1.8823513011557969;941.1756505778984
BERAULT;STMANDE;1;1.9409941443205847;970.4970721602923
CHATEAUDEVINCENNES;BERAULT;1;2.1644047915489257;1082.202395774463
PORTEDAUPHINE;VICTORHUGO;2;1.7662033619077142;883.1016809538571
VICTORHUGO;CHARLESDEGAULLEETOILE;2;2.343955652170594;1171.977826085297
CHARLESDEGAULLEETOILE;TERNES;2;1.3484534491778921;674.226724588946
TERNES;COURCELLES;2;1.313724869481773;656.8624347408864
COURCELLES;MONCEAU;2;1.4111221778584933;705.5610889292466
MONCEAU;VILLIERS;2;1.3541367164116103;677.0683582058051
VILLIERS;ROME;2;1.4259855940426165;712.9927970213082
ROME;PLACEDECLICHY;2;1.5111334582892726;755.5667291446363
PLACEDECLICHY;BLANCHE;2;1.104299504233792;552.149752116896
BLANCHE;PIGALLE;2;1.3611717633607432;680.5858816803716
PIGALLE;ANVERS;2;1.508273046577794;754.136523288897
ANVERS;BARBESROCHECHOUART;2;1.3373601873353262;668.6800936676631
BARBESROCHECHOUART;LACHAPELLE;2;2.0863612928349538;1043.180646417477
LACHAPELLE;STALINGRAD;2;1.8054571632828305;902.7285816414152
STALINGRAD;JAURES;2;0.8626172924658481;431.30864623292405
JAURES;COLONELFABIEN;2;1.7317742345254632;865.8871172627316
COLONELFABIEN;BELLEVILLE;2;2.036631330049807;1018.3156650249034
BELLEVILLE;COURONNES;2;1.3436473160730618;671.8236580365309
COURONNES;MENILMONTANT;2;1.1582681051137258;579.1340525568629
MENILMONTANT;PERELACHAISE;2;1.6109778267496229;805.4889133748114
PERELACHAISE;PHILIPPEAUGUSTE;2;1.4819578253884915;740.9789126942458
PHILIPPEAUGUSTE;ALEXANDREDUMAS;2;1.3477447330428598;673.8723665214299
ALEXANDREDUMAS;AVRON;2;1.7136217570883945;856.8108785441973
AVRON;NATION;2;1.4627316663310683;731.3658331655341
VICTORHUGO;PORTEDAUPHINE;2;1.7662033619077142;883.1016809538571
CHARLESDEGAULLEETOILE;VICTORHUGO;2;2.343955652170594;1171.977826085297
TERNES;CHARLESDEGAULLEETOILE;2;1.3484534491778921;674.226724588946
COURCELLES;TERNES;2;1.313724869481773;656.8624347408864
MONCEAU;COURCELLES;2;1.4111221778584933;705.5610889292466
VILLIERS;MONCEAU;2;1.3541367164116103;677.0683582058051
ROME;VILLIERS;2;1.4259855940426165;712.9927970213082
PLACEDECLICHY;ROME;2;1.5111334582892726;755.5667291446363
BLANCHE;PLACEDECLICHY;2;1.104299504233792;552.149752116896
PIGALLE;BLANCHE;2;1.3611717633607432;680.5858816803716
ANVERS;PIGALLE;2;1.508273046577794;754.136523288897
BARBESROCHECHOUART;ANVERS;2;1.3373601873353262;668.6800936676631
LACHAPELLE;BARBESROCHECHOUART;2;2.0863612928349538;1043.180646417477
STALINGRAD;LACHAPELLE;2;1.8054571632828305;902.7285816414152
JAURES;STALINGRAD;2;0.8626172924658481;431.30864623292405
COLONELFABIEN;JAURES;2;1.7317742345254632;865.8871172627316
BELLEVILLE;COLONELFABIEN;2;2.036631330049807;1018.3156650249034
COURONNES;BELLEVILLE;2;1.3436473160730618;671.8236580365309
MENILMONTANT;COURONNES;2;1.1582681051137258;579.1340525568629
PERELACHAISE;MENILMONTANT;2;1.6109778267496229;805.4889133748114
PHILIPPEAUGUSTE;PERELACHAISE;2;1.4819578253884915;740.9789126942458
ALEXANDREDUMAS;PHILIPPEAUGUSTE;2;1.3477447330428598;673.8723665214299
AVRON;ALEXANDREDUMAS;2;1.7136217570883945;856.8108785441973
NATION;AVRON;2;1.4627316663310683;731.3658331655341
PONTDELEVALLOISBECON;ANATOLEFRANCE;3;1.9866282609906616;993.3141304953308
ANATOLEFRANCE;LOUISEMICHEL;3;1.3759111222157052;687.9555611078526
LOUISEMICHEL;PORTEDECHAMPERRET;3;1.4246535681713854;712.3267840856927
PORTEDECHAMPERRET;PEREIRE;3;1.280093562907248;640.046781453624
PEREIRE;WAGRAM;3;1.547641233762962;773.820616881481
WAGRAM;MALESHERBES;3;1.1737317700595142;586.8658850297571
MALESHERBES;VILLIERS;3;1.4782664432768955;739.1332216384477
VILLIERS;EUROPE;3;1.6667009216638111;833.3504608319056
EUROPE;STLAZARE;3;1.2294726977798789;614.7363488899394
STLAZARE;HAVRECAUMARTIN;3;1.1951042098683526;597.5521049341763
HAVRECAUMARTIN;OPERA;3;1.4809849375137354;740.4924687568677
OPERA;QUATRESEPTEMBRE;3;1.0940272160730211;547.0136080365105
QUATRESEPTEMBRE;BOURSE;3;1.1894528554571897;594.7264277285949
BOURSE;SENTIER;3;1.5435960731927605;771.7980365963803
SENTIER;REAUMURSEBASTOPOL;3;1.201796508026446;600.8982540132231
REAUMURSEBASTOPOL;ARTSETMETIERS;3;1.220416787215428;610.2083936077139
ARTSETMETIERS;TEMPLE;3;1.2680299896046965;634.0149948023483
TEMPLE;REPUBLIQUE;3;0.8816684132557476;440.8342066278738
REPUBLIQUE;PARMENTIER;3;2.155500767589857;1077.7503837949284
PARMENTIER;RUESTMAUR;3;1.4482636937040223;724.1318468520111
RUESTMAUR;PERELACHAISE;3;1.5486826570272485;774.3413285136243
PERELACHAISE;GAMBETTA;3;2.2435303032778378;1121.765151638919
GAMBETTA;PORTEDEBAGNOLET;3;1.8292201715890744;914.6100857945372
PORTEDEBAGNOLET;GALLIENI;3;1.7820057413249666;891.0028706624832
ANATOLEFRANCE;PONTDELEVALLOISBECON;3;1.9866282609906616;993.3141304953308
LOUISEMICHEL;ANATOLEFRANCE;3;1.3759111222157052;687.9555611078526
PORTEDECHAMPERRET;LOUISEMICHEL;3;1.4246535681713854;712.3267840856927
PEREIRE;PORTEDECHAMPERRET;3;1.280093562907248;640.046781453624
WAGRAM;PEREIRE;3;1.547641233762962;773.820616881481
MALESHERBES;WAGRAM;3;1.1737317700595142;586.8658850297571
VILLIERS;MALESHERBES;3;1.4782664432768955;739.1332216384477
EUROPE;VILLIERS;3;1.6667009216638111;833.3504608319056
STLAZARE;EUROPE;3;1.2294726977798789;614.7363488899394
HAVRECAUMARTIN;STLAZARE;3;1.1951042098683526;597.5521049341763
OPERA;HAVRECAUMARTIN;3;1.4809849375137354;740.4924687568677
QUATRESEPTEMBRE;OPERA;3;1.0940272160730211;547.0136080365105
BOURSE;QUATRESEPTEMBRE;3;1.1894528554571897;594.7264277285949
SENTIER;BOURSE;3;1.5435960731927605;771.7980365963803
REAUMURSEBASTOPOL;SENTIER;3;1.201796508026446;600.8982540132231
ARTSETMETIERS;REAUMURSEBASTOPOL;3;1.220416787215428;610.2083936077139
TEMPLE;ARTSETMETIERS;3;1.2680299896046965;634.0149948023483
REPUBLIQUE;TEMPLE;3;0.8816684132557476;440.8342066278738
PARMENTIER;REPUBLIQUE;3;2.155500767589857;1077.7503837949284
RUESTMAUR;PARMENTIER;3;1.4482636937040223;724.1318468520111
PERELACHAISE;RUESTMAUR;3;1.5486826570272485;774.3413285136243
GAMBETTA;PERELACHAISE;3;2.2435303032778378;1121.765151638919
PORTEDEBAGNOLET;GAMBETTA;3;1.8292201715890744;914.6100857945372
GALLIENI;PORTEDEBAGNOLET;3;1.7820057413249666;891.0028706624832
PORTEDECLIGNANCOURT;SIMPLON;4;1.3806067400374535;690.3033700187268
SIMPLON;MARCADETPOISSONNIERS;4;1.1316135556854068;565.8067778427034
MARCADETPOISSONNIERS;CHATEAUROUGE;4;1.3989337190344628;699.4668595172315
CHATEAUROUGE;BARBESROCHECHOUART;4;1.3760347327373914;688.0173663686957
BARBESROCHECHOUART;GAREDUNORD;4;1.8808011975189858;940.4005987594929
GAREDUNORD;GAREDELEST;4;1.3004322660286565;650.2161330143282
GAREDELEST;CHATEAUDEAU;4;1.4052435773051648;702.6217886525824
CHATEAUDEAU;STRASBOURGSTDENIS;4;1.1961446361025936;598.0723180512967
STRASBOURGSTDENIS;REAUMURSEBASTOPOL;4;1.279167487447787;639.5837437238935
REAUMURSEBASTOPOL;ETIENNEMARCEL;4;1.2321485321974688;616.0742660987344
ETIENNEMARCEL;LESHALLES;4;1.075652338919218;537.826169459609
LESHALLES;CHATELET;4;1.7066038049907255;853.3019024953627
CHATELET;CITE;4;0.9757301383457406;487.86506917287034
CITE;STMICHEL;4;1.2108929837129447;605.4464918564723
STMICHEL;ODEON;4;1.0566715091087184;528.3357545543593
ODEON;STGERMAINDESPRES;4;1.4286450599442235;714.3225299721117
STGERMAINDESPRES;STSULPICE;4;1.0864558368866384;543.2279184433191
STSULPICE;STPLACIDE;4;1.7513173029438718;875.6586514719359
STPLACIDE;MONTPARNASSEBIENVENUE;4;1.8353750244685456;917.6875122342728
MONTPARNASSEBIENVENUE;VAVIN;4;1.6350200182036003;817.5100091018002
VAVIN;RASPAIL;4;1.2676859783464276;633.8429891732138
RASPAIL;DENFERTROCHEREAU;4;1.73462142414167;867.3107120708349
DENFERTROCHEREAU;MOUTONDUVERNET;4;1.099711567662666;549.855783831333
MOUTONDUVERNET;ALESIA;4;1.2496662151961275;624.8331075980637
ALESIA;PORTEDORLEANS;4;1.587615410265133;793.8077051325665
PORTEDORLEANS;MAIRIEDEMONTROUGE;4;1.857630156372532;928.815078186266
SIMPLON;PORTEDECLIGNANCOURT;4;1.3806067400374535;690.3033700187268
MARCADETPOISSONNIERS;SIMPLON;4;1.1316135556854068;565.8067778427034
CHATEAUROUGE;MARCADETPOISSONNIERS;4;1.3989337190344628;699.4668595172315
BARBESROCHECHOUART;CHATEAUROUGE;4;1.3760347327373914;688.0173663686957
GAREDUNORD;BARBESROCHECHOUART;4;1.8808011975189858;940.4005987594929
GAREDELEST;GAREDUNORD;4;1.3004322660286565;650.2161330143282
CHATEAUDEAU;GAREDELEST;4;1.4052435773051648;702.6217886525824
STRASBOURGSTDENIS;CHATEAUDEAU;4;1.1961446361025936;598.0723180512967
REAUMURSEBASTOPOL;STRASBOURGSTDENIS;4;1.279167487447787;639.5837437238935
ETIENNEMARCEL;REAUMURSEBASTOPOL;4;1.2321485321974688;616.0742660987344
LESHALLES;ETIENNEMARCEL;4;1.075652338919218;537.826169459609
CHATELET;LESHALLES;4;1.7066038049907255;853.3019024953627
CITE;CHATELET;4;0.9757301383457406;487.86506917287034
STMICHEL;CITE;4;1.2108929837129447;605.4464918564723
ODEON;STMICHEL;4;1.0566715091087184;528.3357545543593
STGERMAINDESPRES;ODEON;4;1.4286450599442235;714.3225299721117
STSULPICE;STGERMAINDESPRES;4;1.0864558368866384;543.2279184433191
STPLACIDE;STSULPICE;4;1.7513173029438718;875.6586514719359
MONTPARNASSEBIENVENUE;STPLACIDE;4;1.8353750244685456;917.6875122342728
VAVIN;MONTPARNASSEBIENVENUE;4;1.6350200182036003;817.5100091018002
RASPAIL;VAVIN;4;1.2676859783464276;633.8429891732138
DENFERTROCHEREAU;RASPAIL;4;1.73462142414167;867.3107120708349
MOUTONDUVERNET;DENFERTROCHEREAU;4;1.099711567662666;549.855783831333
ALESIA;MOUTONDUVERNET;4;1.2496662151961275;624.8331075980637
PORTEDORLEANS;ALESIA;4;1.587615410265133;793.8077051325665
MAIRIEDEMONTROUGE;PORTEDORLEANS;4;1.857630156372532;928.815078186266
BOBIGNYPABLOPICASSO;BOBIGNYPANTINRAYMONDQUENEAU;5;4.759131684334473;2379.5658421672365
BOBIGNYPANTINRAYMONDQUENEAU;EGLISEDEPANTIN;5;2.328217023705868;1164.108511852934
EGLISEDEPANTIN;HOCHE;5;2.1695358822472404;1084.7679411236202
HOCHE;PORTEDEPANTIN;5;2.119188287462988;1059.594143731494
PORTEDEPANTIN;OURCQ;5;1.3148377369879607;657.4188684939803
OURCQ;LAUMIERE;5;1.6521316782829725;826.0658391414862
LAUMIERE;JAURES;5;1.8511432194067496;925.5716097033749
JAURES;STALINGRAD;5;0.8626172924658481;431.30864623292405
STALINGRAD;GAREDUNORD;5;2.520023078443524;1260.011539221762
GAREDUNORD;GAREDELEST;5;1.3004322660286565;650.2161330143282
GAREDELEST;JACQUESBONSERGENT;5;1.7906182592458382;895.309129622919
JACQUESBONSERGENT;REPUBLIQUE;5;1.3422214398648673;671.1107199324337
REPUBLIQUE;OBERKAMPF;5;1.4234680714894608;711.7340357447304
OBERKAMPF;RICHARDLENOIR;5;1.6816876319918097;840.8438159959048
RICHARDLENOIR;BREGUETSABIN;5;1.3670323280821657;683.5161640410828
BREGUETSABIN;BASTILLE;5;1.3246121000915403;662.3060500457701
BASTILLE;QUAIDELARAPEE;5;1.9195458124875755;959.7729062437877
QUAIDELARAPEE;GAREDAUSTERLITZ;5;1.4484056236641134;724.2028118320567
GAREDAUSTERLITZ;STMARCEL;5;1.5678557658576069;783.9278829288035
STMARCEL;CAMPOFORMIO;5;1.2239951177726671;611.9975588863335
CAMPOFORMIO;PLACEDITALIE;5;1.6127920709604635;806.3960354802317
BOBIGNYPANTINRAYMONDQUENEAU;BOBIGNYPABLOPICASSO;5;4.759131684334473;2379.5658421672365
EGLISEDEPANTIN;BOBIGNYPANTINRAYMONDQUENEAU;5;2.328217023705868;1164.108511852934
HOCHE;EGLISEDEPANTIN;5;2.1695358822472404;1084.7679411236202
PORTEDEPANTIN;HOCHE;5;2.119188287462988;1059.594143731494
OURCQ;PORTEDEPANTIN;5;1.3148377369879607;657.4188684939803
LAUMIERE;OURCQ;5;1.6521316782829725;826.0658391414862
JAURES;LAUMIERE;5;1.8511432194067496;925.5716097033749
STALINGRAD;JAURES;5;0.8626172924658481;431.30864623292405
GAREDUNORD;STALINGRAD;5;2.520023078443524;1260.011539221762
GAREDELEST;GAREDUNORD;5;1.3004322660286565;650.2161330143282
JACQUESBONSERGENT;GAREDELEST;5;1.7906182592458382;895.309129622919
REPUBLIQUE;JACQUESBONSERGENT;5;1.3422214398648673;671.1107199324337
OBERKAMPF;REPUBLIQUE;5;1.4234680714894608;711.7340357447304
RICHARDLENOIR;OBERKAMPF;5;1.6816876319918097;840.8438159959048
BREGUETSABIN;RICHARDLENOIR;5;1.3670323280821657;683.5161640410828
BASTILLE;BREGUETSABIN;5;1.3246121000915403;662.3060500457701
QUAIDELARAPEE;BASTILLE;5;1.9195458124875755;959.7729062437877
GAREDAUSTERLITZ;QUAIDELARAPEE;5;1.4484056236641134;724.2028118320567
STMARCEL;GAREDAUSTERLITZ;5;1.5678557658576069;783.9278829288035
CAMPOFORMIO;STMARCEL;5;1.2239951177726671;611.9975588863335
PLACEDITALIE;CAMPOFORMIO;5;1.6127920709604635;806.3960354802317
CHARLESDEGAULLEETOILE;KLEBER;6;1.2241474738094356;612.0737369047177
KLEBER;BOISSIERE;6;1.655675299609752;827.8376498048759
BOISSIERE;TROCADERO;6;1.5357039435091375;767.8519717545688
TROCADERO;PASSY;6;1.7506178411481461;875.3089205740731
PASSY;BIRHAKEIM;6;1.4354733591059097;717.7366795529548
BIRHAKEIM;DUPLEIX;6;1.5014014595642884;750.7007297821442
DUPLEIX;LAMOTTEPICQUETGRENELLE;6;1.3666237655526399;683.31188277632
LAMOTTEPICQUETGRENELLE;CAMBRONNE;6;1.1530882185884566;576.5441092942283
CAMBRONNE;SEVRESLECOURBE;6;1.5501429127661364;775.0714563830682
SEVRESLECOURBE;PASTEUR;6;1.3138844821142133;656.9422410571067
PASTEUR;MONTPARNASSEBIENVENUE;6;1.749225101289762;874.612550644881
MONTPARNASSEBIENVENUE;EDGARQUINET;6;1.3149751060553645;657.4875530276822
EDGARQUINET;RASPAIL;6;1.2444361442275476;622.2180721137738
RASPAIL;DENFERTROCHEREAU;6;1.73462142414167;867.3107120708349
DENFERTROCHEREAU;STJACQUES;6;1.301456902469801;650.7284512349005
STJACQUES;GLACIERE;6;1.5156664009615293;757.8332004807646
GLACIERE;CORVISART;6;1.556376742911579;778.1883714557895
CORVISART;PLACEDITALIE;6;1.3026646708126899;651.3323354063449
PLACEDITALIE;NATIONALE;6;1.6790729000892342;839.536450044617
NATIONALE;CHEVALERET;6;1.3641597249743538;682.0798624871769
CHEVALERET;QUAIDELAGARE;6;1.3327760303210958;666.3880151605479
QUAIDELAGARE;BERCY;6;1.6864970963082209;843.2485481541104
BERCY;DUGOMMIER;6;1.992995223599357;996.4976117996786
DUGOMMIER;DAUMESNIL;6;1.4001338723037793;700.0669361518896
DAUMESNIL;BELAIR;6;1.3627281488623488;681.3640744311745
BELAIR;PICPUS;6;1.329805123846872;664.902561923436
PICPUS;NATION;6;1.5109202792874667;755.4601396437333
KLEBER;CHARLESDEGAULLEETOILE;6;1.2241474738094356;612.0737369047177
BOISSIERE;KLEBER;6;1.655675299609752;827.8376498048759
TROCADERO;BOISSIERE;6;1.5357039435091375;767.8519717545688
PASSY;TROCADERO;6;1.7506178411481461;875.3089205740731
BIRHAKEIM;PASSY;6;1.4354733591059097;717.7366795529548
DUPLEIX;BIRHAKEIM;6;1.5014014595642884;750.7007297821442
LAMOTTEPICQUETGRENELLE;DUPLEIX;6;1.3666237655526399;683.31188277632
CAMBRONNE;LAMOTTEPICQUETGRENELLE;6;1.1530882185884566;576.5441092942283
SEVRESLECOURBE;CAMBRONNE;6;1.5501429127661364;775.0714563830682
PASTEUR;SEVRESLECOURBE;6;1.3138844821142133;656.9422410571067
MONTPARNASSEBIENVENUE;PASTEUR;6;1.749225101289762;874.612550644881
EDGARQUINET;MONTPARNASSEBIENVENUE;6;1.3149751060553645;657.4875530276822
RASPAIL;EDGARQUINET;6;1.2444361442275476;622.2180721137738
DENFERTROCHEREAU;RASPAIL;6;1.73462142414167;867.3107120708349
STJACQUES;DENFERTROCHEREAU;6;1.301456902469801;650.7284512349005
GLACIERE;STJACQUES;6;1.5156664009615293;757.8332004807646
CORVISART;GLACIERE;6;1.556376742911579;778.1883714557895
PLACEDITALIE;CORVISART;6;1.3026646708126899;651.3323354063449
NATIONALE;PLACEDITALIE;6;1.6790729000892342;839.536450044617
CHEVALERET;NATIONALE;6;1.3641597249743538;682.0798624871769
QUAIDELAGARE;CHEVALERET;6;1.3327760303210958;666.3880151605479
BERCY;QUAIDELAGARE;6;1.6864970963082209;843.2485481541104
DUGOMMIER;BERCY;6;1.992995223599357;996.4976117996786
DAUMESNIL;DUGOMMIER;6;1.4001338723037793;700.0669361518896
BELAIR;DAUMESNIL;6;1.3627281488623488;681.3640744311745
PICPUS;BELAIR;6;1.329805123846872;664.902561923436
NATION;PICPUS;6;1.5109202792874667;755.4601396437333
LACOURNEUVEMAI;FORTDAUBERVILLIERS;7;2.0836155395871767;1041.8077697935882
FORTDAUBERVILLIERS;AUBERVILLIERSPANTINQUATRECHEMINS;7;3.5579819817561456;1778.9909908780728
AUBERVILLIERSPANTINQUATRECHEMINS;PORTEDELAVILLETTE;7;2.230570431510495;1115.2852157552475
PORTEDELAVILLETTE;CORENTINCARIOU;7;1.2170818901481062;608.5409450740531
CORENTINCARIOU;CRIMEE;7;1.6803567758694475;840.1783879347238
CRIMEE;RIQUET;7;1.2229708790092593;611.4854395046297
RIQUET;STALINGRAD;7;1.6151782503027146;807.5891251513573
STALINGRAD;LOUISBLANC;7;1.3908394960929995;695.4197480464998
LOUISBLANC;CHATEAULANDON;7;1.2825540982550363;641.2770491275181
CHATEAULANDON;GAREDELEST;7;1.2887490324882118;644.374516244106
GAREDELEST;POISSONNIERE;7;1.8033369148782064;901.6684574391031
POISSONNIERE;CADET;7;1.315012491078568;657.506245539284
CADET;LEPELETIER;7;1.1187085738155282;559.3542869077642
LEPELETIER;CHAUSSEEDANTINLAFAYETTE;7;1.5758986600010958;787.9493300005479
CHAUSSEEDANTINLAFAYETTE;OPERA;7;1.0672984106619348;533.6492053309673
OPERA;PYRAMIDES;7;1.5410247738699758;770.512386934988
PYRAMIDES;PALAISROYALMUSEEDULOUVRE;7;1.3681700001258084;684.0850000629042
PALAISROYALMUSEEDULOUVRE;PONTNEUF;7;1.6918443130940075;845.9221565470037
PONTNEUF;CHATELET;7;1.369960909731092;684.980454865546
CHATELET;PONTMARIE;7;2.088705230678047;1044.3526153390235
PONTMARIE;SULLYMORLAND;7;1.3781887594184077;689.0943797092038
SULLYMORLAND;JUSSIEU;7;2.055126736872785;1027.5633684363925
JUSSIEU;PLACEMONGE;7;1.3014598810221858;650.7299405110929
PLACEMONGE;CENSIERDAUBENTON;7;1.0340916973443832;517.0458486721916
CENSIERDAUBENTON;LESGOBELINS;7;1.5356639097615032;767.8319548807516
LESGOBELINS;PLACEDITALIE;7;1.6729622177390289;836.4811088695144
PLACEDITALIE;TOLBIAC;7;1.5402537189441463;770.1268594720732
TOLBIAC;MAISONBLANCHE;7;1.4050564928919749;702.5282464459874
PORTEDITALIE;PORTEDECHOISY;7;1.223531531128115;611.7657655640575
PORTEDECHOISY;PORTEDIVRY;7;1.2723871324318148;636.1935662159074
PORTEDIVRY;PIERREETMARIECURIE;7;2.181562233407851;1090.7811167039254
PIERREETMARIECURIE;MAIRIEDIVRY;7;1.9164420152979589;958.2210076489795
LEKREMLINBICETRE;VILLEJUIFLEOLAGRANGE;7;1.7353492803382011;867.6746401691006
VILLEJUIFLEOLAGRANGE;VILLEJUIFPAULVAILLANTCOUTURIER;7;2.431667771120772;1215.833885560386
VILLEJUIFPAULVAILLANTCOUTURIER;VILLEJUIFLOUISARAGON;7;2.4848480759122005;1242.4240379561002
MAISONBLANCHE;PORTEDITALIE;7;1.2373608843499;618.68044217495
MAISONBLANCHE;LEKREMLINBICETRE;7;3.293057730455834;1646.528865227917
FORTDAUBERVILLIERS;LACOURNEUVEMAI;7;2.0836155395871767;1041.8077697935882
AUBERVILLIERSPANTINQUATRECHEMINS;FORTDAUBERVILLIERS;7;3.5579819817561456;1778.9909908780728
PORTEDELAVILLETTE;AUBERVILLIERSPANTINQUATRECHEMINS;7;2.230570431510495;1115.2852157552475
CORENTINCARIOU;PORTEDELAVILLETTE;7;1.2170818901481062;608.5409450740531
CRIMEE;CORENTINCARIOU;7;1.6803567758694475;840.1783879347238
RIQUET;CRIMEE;7;1.2229708790092593;611.4854395046297
STALINGRAD;RIQUET;7;1.6151782503027146;807.5891251513573
LOUISBLANC;STALINGRAD;7;1.3908394960929995;695.4197480464998
CHATEAULANDON;LOUISBLANC;7;1.2825540982550363;641.2770491275181
GAREDELEST;CHATEAULANDON;7;1.2887490324882118;644.374516244106
POISSONNIERE;GAREDELEST;7;1.8033369148782064;901.6684574391031
CADET;POISSONNIERE;7;1.315012491078568;657.506245539284
LEPELETIER;CADET;7;1.1187085738155282;559.3542869077642
CHAUSSEEDANTINLAFAYETTE;LEPELETIER;7;1.5758986600010958;787.9493300005479
OPERA;CHAUSSEEDANTINLAFAYETTE;7;1.0672984106619348;533.6492053309673
PYRAMIDES;OPERA;7;1.5410247738699758;770.512386934988
PALAISROYALMUSEEDULOUVRE;PYRAMIDES;7;1.3681700001258084;684.0850000629042
PONTNEUF;PALAISROYALMUSEEDULOUVRE;7;1.6918443130940075;845.9221565470037
CHATELET;PONTNEUF;7;1.369960909731092;684.980454865546
PONTMARIE;CHATELET;7;2.088705230678047;1044.3526153390235
SULLYMORLAND;PONTMARIE;7;1.3781887594184077;689.0943797092038
JUSSIEU;SULLYMORLAND;7;2.055126736872785;1027.5633684363925
PLACEMONGE;JUSSIEU;7;1.3014598810221858;650.7299405110929
CENSIERDAUBENTON;PLACEMONGE;7;1.0340916973443832;517.0458486721916
LESGOBELINS;CENSIERDAUBENTON;7;1.5356639097615032;767.8319548807516
PLACEDITALIE;LESGOBELINS;7;1.6729622177390289;836.4811088695144
TOLBIAC;PLACEDITALIE;7;1.5402537189441463;770.1268594720732
MAISONBLANCHE;TOLBIAC;7;1.4050564928919749;702.5282464459874
PORTEDECHOISY;PORTEDITALIE;7;1.223531531128115;611.7657655640575
PORTEDIVRY;PORTEDECHOISY;7;1.2723871324318148;636.1935662159074
PIERREETMARIECURIE;PORTEDIVRY;7;2.181562233407851;1090.7811167039254
MAIRIEDIVRY;PIERREETMARIECURIE;7;1.9164420152979589;958.2210076489795
VILLEJUIFLEOLAGRANGE;LEKREMLINBICETRE;7;1.7353492803382011;867.6746401691006
VILLEJUIFPAULVAILLANTCOUTURIER;VILLEJUIFLEOLAGRANGE;7;2.431667771120772;1215.833885560386
VILLEJUIFLOUISARAGON;VILLEJUIFPAULVAILLANTCOUTURIER;7;2.4848480759122005;1242.4240379561002
PORTEDITALIE;MAISONBLANCHE;7;1.2373608843499;618.68044217495
LEKREMLINBICETRE;MAISONBLANCHE;7;3.293057730455834;1646.528865227917
BALARD;LOURMEL;8;1.4475954338384283;723.7977169192142
LOURMEL;BOUCICAUT;8;1.404434085191457;702.2170425957285
BOUCICAUT;FELIXFAURE;8;1.1885600302678885;594.2800151339443
FELIXFAURE;COMMERCE;8;1.0450276437522643;522.5138218761322
COMMERCE;LAMOTTEPICQUETGRENELLE;8;1.642139277613189;821.0696388065944
LAMOTTEPICQUETGRENELLE;ECOLEMILITAIRE;8;2.1886419972622484;1094.3209986311242
ECOLEMILITAIRE;LATOURMAUBOURG;8;1.4423683373407017;721.1841686703508
LATOURMAUBOURG;INVALIDES;8;1.6424536611557845;821.2268305778922
INVALIDES;CONCORDE;8;2.055359248595357;1027.6796242976784
CONCORDE;MADELEINE;8;1.358427551772844;679.2137758864219
MADELEINE;OPERA;8;1.5661353341052495;783.0676670526248
OPERA;RICHELIEUDROUOT;8;1.5137511376605666;756.8755688302833
RICHELIEUDROUOT;GRANDSBOULEVARDS;8;1.1084459825305435;554.2229912652717
GRANDSBOULEVARDS;BONNENOUVELLE;8;1.6173774039956816;808.6887019978408
BONNENOUVELLE;STRASBOURGSTDENIS;8;1.090565265148821;545.2826325744104
STRASBOURGSTDENIS;REPUBLIQUE;8;1.953004968167357;976.5024840836785
REPUBLIQUE;FILLESDUCALVAIRE;8;1.5317234541586435;765.8617270793218
FILLESDUCALVAIRE;STSEBASTIENFROISSART;8;0.9715442060464836;485.7721030232418
STSEBASTIENFROISSART;CHEMINVERT;8;1.3440402999766965;672.0201499883483
CHEMINVERT;BASTILLE;8;1.6130518300292187;806.5259150146094
BASTILLE;LEDRUROLLIN;8;1.5332600802349876;766.6300401174938
LEDRUROLLIN;FAIDHERBECHALIGNY;8;1.695203868736142;847.6019343680709
FAIDHERBECHALIGNY;REUILLYDIDEROT;8;1.219396444034926;609.6982220174631
REUILLYDIDEROT;MONTGALLET;8;1.345464889596082;672.732444798041
MONTGALLET;DAUMESNIL;8;1.8602174813839247;930.1087406919623
DAUMESNIL;MICHELBIZOT;8;1.6135071473711782;806.7535736855891
MICHELBIZOT;PORTEDOREE;8;1.185133259293896;592.566629646948
PORTEDOREE;PORTEDECHARENTON;8;1.181112420055971;590.5562100279856
PORTEDECHARENTON;LIBERTE;8;2.2614784173769458;1130.739208688473
LIBERTE;CHARENTONECOLES;8;1.927760843781532;963.880421890766
CHARENTONECOLES;ECOLEVETERINAIREDEMAISONSALFORT;8;2.4726396192824325;1236.3198096412161
ECOLEVETERINAIREDEMAISONSALFORT;MAISONSALFORTSTADE;8;2.6816214995282244;1340.8107497641122
MAISONSALFORTSTADE;MAISONSALFORTLESJUILLIOTTES;8;2.8282469869699893;1414.1234934849947
MAISONSALFORTLESJUILLIOTTES;CRETEILLECHAT;8;1.8620359861812723;931.0179930906362
CRETEILLECHAT;CRETEILUNIVERSITE;8;2.011267124103038;1005.6335620515191
CRETEILUNIVERSITE;CRETEILPREFECTURE;8;3.0949721570848454;1547.4860785424228
CRETEILPREFECTURE;POINTEDULAC;8;3.1029865346010626;1551.4932673005312
LOURMEL;BALARD;8;1.4475954338384283;723.7977169192142
BOUCICAUT;LOURMEL;8;1.404434085191457;702.2170425957285
FELIXFAURE;BOUCICAUT;8;1.1885600302678885;594.2800151339443
COMMERCE;FELIXFAURE;8;1.0450276437522643;522.5138218761322
LAMOTTEPICQUETGRENELLE;COMMERCE;8;1.642139277613189;821.0696388065944
ECOLEMILITAIRE;LAMOTTEPICQUETGRENELLE;8;2.1886419972622484;1094.3209986311242
LATOURMAUBOURG;ECOLEMILITAIRE;8;1.4423683373407017;721.1841686703508
INVALIDES;LATOURMAUBOURG;8;1.6424536611557845;821.2268305778922
CONCORDE;INVALIDES;8;2.055359248595357;1027.6796242976784
MADELEINE;CONCORDE;8;1.358427551772844;679.2137758864219
OPERA;MADELEINE;8;1.5661353341052495;783.0676670526248
RICHELIEUDROUOT;OPERA;8;1.5137511376605666;756.8755688302833
GRANDSBOULEVARDS;RICHELIEUDROUOT;8;1.1084459825305435;554.2229912652717
BONNENOUVELLE;GRANDSBOULEVARDS;8;1.6173774039956816;808.6887019978408
STRASBOURGSTDENIS;BONNENOUVELLE;8;1.090565265148821;545.2826325744104
REPUBLIQUE;STRASBOURGSTDENIS;8;1.953004968167357;976.5024840836785
FILLESDUCALVAIRE;REPUBLIQUE;8;1.5317234541586435;765.8617270793218
STSEBASTIENFROISSART;FILLESDUCALVAIRE;8;0.9715442060464836;485.7721030232418
CHEMINVERT;STSEBASTIENFROISSART;8;1.3440402999766965;672.0201499883483
BASTILLE;CHEMINVERT;8;1.6130518300292187;806.5259150146094
LEDRUROLLIN;BASTILLE;8;1.5332600802349876;766.6300401174938
FAIDHERBECHALIGNY;LEDRUROLLIN;8;1.695203868736142;847.6019343680709
REUILLYDIDEROT;FAIDHERBECHALIGNY;8;1.219396444034926;609.6982220174631
MONTGALLET;REUILLYDIDEROT;8;1.345464889596082;672.732444798041
DAUMESNIL;MONTGALLET;8;1.8602174813839247;930.1087406919623
MICHELBIZOT;DAUMESNIL;8;1.6135071473711782;806.7535736855891
PORTEDOREE;MICHELBIZOT;8;1.185133259293896;592.566629646948
PORTEDECHARENTON;PORTEDOREE;8;1.181112420055971;590.5562100279856
LIBERTE;PORTEDECHARENTON;8;2.2614784173769458;1130.739208688473
CHARENTONECOLES;LIBERTE;8;1.927760843781532;963.880421890766
ECOLEVETERINAIREDEMAISONSALFORT;CHARENTONECOLES;8;2.4726396192824325;1236.3198096412161
MAISONSALFORTSTADE;ECOLEVETERINAIREDEMAISONSALFORT;8;2.6816214995282244;1340.8107497641122
MAISONSALFORTLESJUILLIOTTES;MAISONSALFORTSTADE;8;2.8282469869699893;1414.1234934849947
CRETEILLECHAT;MAISONSALFORTLESJUILLIOTTES;8;1.8620359861812723;931.0179930906362
CRETEILUNIVERSITE;CRETEILLECHAT;8;2.011267124103038;1005.6335620515191
CRETEILPREFECTURE;CRETEILUNIVERSITE;8;3.0949721570848454;1547.4860785424228
POINTEDULAC;CRETEILPREFECTURE;8;3.1029865346010626;1551.4932673005312
PONTDESEVRES;BILLANCOURT;9;1.7721155252155232;886.0577626077616
BILLANCOURT;MARCELSEMBAT;9;1.3422854997777007;671.1427498888504
MARCELSEMBAT;PORTEDESTCLOUD;9;2.6670477693649404;1333.5238846824702
PORTEDESTCLOUD;EXELMANS;9;1.6865253653553804;843.2626826776902
EXELMANS;MICHELANGEMOLITOR;9;1.0341633868592541;517.0816934296271
MICHELANGEMOLITOR;MICHELANGEAUTEUIL;9;1.2182184244893899;609.109212244695
MICHELANGEAUTEUIL;JASMIN;9;1.688068162108143;844.0340810540715
JASMIN;RANELAGH;9;1.2210433956190032;610.5216978095016
RANELAGH;LAMUETTE;9;1.3226878020902104;661.3439010451052
LAMUETTE;RUEDELAPOMPE;9;1.9406669042825484;970.3334521412742
RUEDELAPOMPE;TROCADERO;9;1.7100106844756366;855.0053422378184
TROCADERO;IENA;9;1.7238825451573694;861.9412725786847
IENA;ALMAMARCEAU;9;1.5019973825331356;750.9986912665678
ALMAMARCEAU;FRANKLINDROOSEVELT;9;2.0249638784266644;1012.4819392133322
FRANKLINDROOSEVELT;STPHILIPPEDUROULE;9;1.331552715586029;665.7763577930144
STPHILIPPEDUROULE;MIROMESNIL;9;1.2287049837460151;614.3524918730076
MIROMESNIL;STAUGUSTIN;9;1.5088546402037482;754.4273201018741
STAUGUSTIN;HAVRECAUMARTIN;9;1.4360729779250163;718.0364889625082
HAVRECAUMARTIN;CHAUSSEEDANTINLAFAYETTE;9;1.3801852673973052;690.0926336986525
CHAUSSEEDANTINLAFAYETTE;RICHELIEUDROUOT;9;1.3536934567218877;676.8467283609439
RICHELIEUDROUOT;GRANDSBOULEVARDS;9;1.1084459825305435;554.2229912652717
GRANDSBOULEVARDS;BONNENOUVELLE;9;1.6173774039956816;808.6887019978408
BONNENOUVELLE;STRASBOURGSTDENIS;9;1.090565265148821;545.2826325744104
STRASBOURGSTDENIS;REPUBLIQUE;9;1.953004968167357;976.5024840836785
REPUBLIQUE;OBERKAMPF;9;1.4234680714894608;711.7340357447304
OBERKAMPF;STAMBROISE;9;1.7311270809196782;865.563540459839
STAMBROISE;VOLTAIRE;9;1.683280311287916;841.640155643958
VOLTAIRE;CHARONNE;9;1.4559011015493222;727.9505507746611
CHARONNE;RUEDESBOULETS;9;1.2530899231755268;626.5449615877634
RUEDESBOULETS;NATION;9;1.8896193120890887;944.8096560445443
NATION;BUZENVAL;9;1.736958124525269;868.4790622626344
BUZENVAL;MARAICHERS;9;1.2708361417683904;635.4180708841952
MARAICHERS;PORTEDEMONTREUIL;9;1.1903250584837926;595.1625292418963
PORTEDEMONTREUIL;ROBESPIERRE;9;2.377228909786325;1188.6144548931625
ROBESPIERRE;CROIXDECHAVAUX;9;2.41099467254152;1205.49733627076
CROIXDECHAVAUX;MAIRIEDEMONTREUIL;9;1.7219714955170962;860.9857477585481
BILLANCOURT;PONTDESEVRES;9;1.7721155252155232;886.0577626077616
MARCELSEMBAT;BILLANCOURT;9;1.3422854997777007;671.1427498888504
PORTEDESTCLOUD;MARCELSEMBAT;9;2.6670477693649404;1333.5238846824702
EXELMANS;PORTEDESTCLOUD;9;1.6865253653553804;843.2626826776902
MICHELANGEMOLITOR;EXELMANS;9;1.0341633868592541;517.0816934296271
MICHELANGEAUTEUIL;MICHELANGEMOLITOR;9;1.2182184244893899;609.109212244695
JASMIN;MICHELANGEAUTEUIL;9;1.688068162108143;844.0340810540715
RANELAGH;JASMIN;9;1.2210433956190032;610.5216978095016
LAMUETTE;RANELAGH;9;1.3226878020902104;661.3439010451052
RUEDELAPOMPE;LAMUETTE;9;1.9406669042825484;970.3334521412742
TROCADERO;RUEDELAPOMPE;9;1.7100106844756366;855.0053422378184
IENA;TROCADERO;9;1.7238825451573694;861.9412725786847
ALMAMARCEAU;IENA;9;1.5019973825331356;750.9986912665678
FRANKLINDROOSEVELT;ALMAMARCEAU;9;2.0249638784266644;1012.4819392133322
STPHILIPPEDUROULE;FRANKLINDROOSEVELT;9;1.331552715586029;665.7763577930144
MIROMESNIL;STPHILIPPEDUROULE;9;1.2287049837460151;614.3524918730076
STAUGUSTIN;MIROMESNIL;9;1.5088546402037482;754.4273201018741
HAVRECAUMARTIN;STAUGUSTIN;9;1.4360729779250163;718.0364889625082
CHAUSSEEDANTINLAFAYETTE;HAVRECAUMARTIN;9;1.3801852673973052;690.0926336986525
RICHELIEUDROUOT;CHAUSSEEDANTINLAFAYETTE;9;1.3536934567218877;676.8467283609439
GRANDSBOULEVARDS;RICHELIEUDROUOT;9;1.1084459825305435;554.2229912652717
BONNENOUVELLE;GRANDSBOULEVARDS;9;1.6173774039956816;808.6887019978408
STRASBOURGSTDENIS;BONNENOUVELLE;9;1.090565265148821;545.2826325744104
REPUBLIQUE;STRASBOURGSTDENIS;9;1.953004968167357;976.5024840836785
OBERKAMPF;REPUBLIQUE;9;1.4234680714894608;711.7340357447304
STAMBROISE;OBERKAMPF;9;1.7311270809196782;865.563540459839
VOLTAIRE;STAMBROISE;9;1.683280311287916;841.640155643958
CHARONNE;VOLTAIRE;9;1.4559011015493222;727.9505507746611
RUEDESBOULETS;CHARONNE;9;1.2530899231755268;626.5449615877634
NATION;RUEDESBOULETS;9;1.8896193120890887;944.8096560445443
BUZENVAL;NATION;9;1.736958124525269;868.4790622626344
MARAICHERS;BUZENVAL;9;1.2708361417683904;635.4180708841952
PORTEDEMONTREUIL;MARAICHERS;9;1.1903250584837926;595.1625292418963
ROBESPIERRE;PORTEDEMONTREUIL;9;2.377228909786325;1188.6144548931625
CROIXDECHAVAUX;ROBESPIERRE;9;2.41099467254152;1205.49733627076
MAIRIEDEMONTREUIL;CROIXDECHAVAUX;9;1.7219714955170962;860.9857477585481
BOULOGNEPONTDESTCLOUD;BOULOGNEJEANJAURES;10;2.044967244318804;1022.483622159402
MICHELANGEMOLITOR;CHARDONLAGACHE;10;1.1901090404348231;595.0545202174116
CHARDONLAGACHE;MIRABEAU;10;1.5220637735816962;761.0318867908481
JAVELANDRECITROEN;CHARLESMICHELS;10;1.7198357459345268;859.9178729672634
CHARLESMICHELS;AVENUEEMILEZOLA;10;1.8870051773029777;943.5025886514888
AVENUEEMILEZOLA;LAMOTTEPICQUETGRENELLE;10;1.1419755288822575;570.9877644411288
LAMOTTEPICQUETGRENELLE;SEGUR;10;1.7979881233496486;898.9940616748244
SEGUR;DUROC;10;1.90957836503166;954.78918251583
DUROC;VANEAU;10;1.2447915279135264;622.3957639567632
VANEAU;SEVRESBABYLONE;10;1.4319458993984078;715.9729496992039
SEVRESBABYLONE;MABILLON;10;1.8836574077220276;941.8287038610138
MABILLON;ODEON;10;1.1402777398802268;570.1388699401134
ODEON;CLUNYLASORBONNE;10;1.2227556532089527;611.3778266044764
CLUNYLASORBONNE;MAUBERTMUTUALITE;10;1.0916527580190054;545.8263790095027
MAUBERTMUTUALITE;CARDINALLEMOINE;10;1.43276510246021;716.3825512301049
CARDINALLEMOINE;JUSSIEU;10;1.0269504353563232;513.4752176781616
JUSSIEU;GAREDAUSTERLITZ;10;2.2182125272961737;1109.106263648087
BOULOGNEJEANJAURES;MICHELANGEMOLITOR;10;3.923164659437188;1961.5823297185939
JAVELANDRECITROEN;EGLISEDAUTEUIL;10;1.7792560989563475;889.6280494781738
BOULOGNEJEANJAURES;BOULOGNEPONTDESTCLOUD;10;2.044967244318804;1022.483622159402
MICHELANGEAUTEUIL;PORTEDAUTEUIL;10;1.4302980135872658;715.1490067936329
EGLISEDAUTEUIL;MICHELANGEAUTEUIL;10;1.260074273882947;630.0371369414735
CHARLESMICHELS;JAVELANDRECITROEN;10;1.7198357459345268;859.9178729672634
AVENUEEMILEZOLA;CHARLESMICHELS;10;1.8870051773029777;943.5025886514888
LAMOTTEPICQUETGRENELLE;AVENUEEMILEZOLA;10;1.1419755288822575;570.9877644411288
SEGUR;LAMOTTEPICQUETGRENELLE;10;1.7979881233496486;898.9940616748244
DUROC;SEGUR;10;1.90957836503166;954.78918251583
VANEAU;DUROC;10;1.2447915279135264;622.3957639567632
SEVRESBABYLONE;VANEAU;10;1.4319458993984078;715.9729496992039
MABILLON;SEVRESBABYLONE;10;1.8836574077220276;941.8287038610138
ODEON;MABILLON;10;1.1402777398802268;570.1388699401134
CLUNYLASORBONNE;ODEON;10;1.2227556532089527;611.3778266044764
MAUBERTMUTUALITE;CLUNYLASORBONNE;10;1.0916527580190054;545.8263790095027
CARDINALLEMOINE;MAUBERTMUTUALITE;10;1.43276510246021;716.3825512301049
JUSSIEU;CARDINALLEMOINE;10;1.0269504353563232;513.4752176781616
GAREDAUSTERLITZ;JUSSIEU;10;2.2182125272961737;1109.106263648087
PORTEDAUTEUIL;BOULOGNEJEANJAURES;10;3.56946456444776;1784.73228222388
MIRABEAU;JAVELANDRECITROEN;10;1.260009835012502;630.004917506251
CHATELET;HOTELDEVILLE;11;1.074838731939214;537.419365969607
HOTELDEVILLE;RAMBUTEAU;11;1.3753408673395835;687.6704336697917
RAMBUTEAU;ARTSETMETIERS;11;1.531396122998285;765.6980614991426
ARTSETMETIERS;REPUBLIQUE;11;1.648573875720915;824.2869378604574
REPUBLIQUE;GONCOURT;11;1.6979589798657362;848.9794899328681
GONCOURT;BELLEVILLE;11;1.4097843686148703;704.8921843074352
BELLEVILLE;PYRENEES;11;1.8571410037429597;928.5705018714798
PYRENEES;JOURDAIN;11;1.1605792157561163;580.2896078780582
JOURDAIN;PLACEDESFETES;11;1.1642145819605112;582.1072909802556
PLACEDESFETES;TELEGRAPHE;11;1.4233490212544235;711.6745106272118
TELEGRAPHE;PORTEDESLILAS;11;1.678991175307445;839.4955876537224
PORTEDESLILAS;MAIRIEDESLILAS;11;2.0755377766379137;1037.768888318957
HOTELDEVILLE;CHATELET;11;1.074838731939214;537.419365969607
RAMBUTEAU;HOTELDEVILLE;11;1.3753408673395835;687.6704336697917
ARTSETMETIERS;RAMBUTEAU;11;1.531396122998285;765.6980614991426
REPUBLIQUE;ARTSETMETIERS;11;1.648573875720915;824.2869378604574
GONCOURT;REPUBLIQUE;11;1.6979589798657362;848.9794899328681
BELLEVILLE;GONCOURT;11;1.4097843686148703;704.8921843074352
PYRENEES;BELLEVILLE;11;1.8571410037429597;928.5705018714798
JOURDAIN;PYRENEES;11;1.1605792157561163;580.2896078780582
PLACEDESFETES;JOURDAIN;11;1.1642145819605112;582.1072909802556
TELEGRAPHE;PLACEDESFETES;11;1.4233490212544235;711.6745106272118
PORTEDESLILAS;TELEGRAPHE;11;1.678991175307445;839.4955876537224
MAIRIEDESLILAS;PORTEDESLILAS;11;2.0755377766379137;1037.768888318957
FRONTPOPULAIRE;PORTEDELACHAPELLE;12;2.776403025730937;1388.2015128654687
PORTEDELACHAPELLE;MARXDORMOY;12;2.005072020835942;1002.536010417971
MARXDORMOY;MARCADETPOISSONNIERS;12;2.018443736727412;1009.221868363706
MARCADETPOISSONNIERS;JULESJOFFRIN;12;1.2791191675496745;639.5595837748373
JULESJOFFRIN;LAMARCKCAULAINCOURT;12;1.5611264669256444;780.5632334628222
LAMARCKCAULAINCOURT;ABBESSES;12;1.6359842199952384;817.9921099976192
ABBESSES;PIGALLE;12;0.999497698349794;499.748849174897
PIGALLE;STGEORGES;12;1.3828711077459883;691.4355538729942
STGEORGES;NOTREDAMEDELORETTE;12;1.0352435087672824;517.6217543836412
NOTREDAMEDELORETTE;TRINITEDESTIENNEDORVES;12;1.2865258463808091;643.2629231904045
TRINITEDESTIENNEDORVES;STLAZARE;12;1.7218552827538065;860.9276413769032
STLAZARE;MADELEINE;12;1.7668508878526326;883.4254439263162
MADELEINE;CONCORDE;12;1.358427551772844;679.2137758864219
CONCORDE;ASSEMBLEENATIONALE;12;1.8507415936123164;925.3707968061582
ASSEMBLEENATIONALE;SOLFERINO;12;1.0969192886428765;548.4596443214382
SOLFERINO;RUEDUBAC;12;1.2577870835770193;628.8935417885097
RUEDUBAC;SEVRESBABYLONE;12;1.475972313811717;737.9861569058585
SEVRESBABYLONE;RENNES;12;1.1370722835611302;568.5361417805651
RENNES;NOTREDAMEDESCHAMPS;12;1.2952907048137754;647.6453524068877
NOTREDAMEDESCHAMPS;MONTPARNASSEBIENVENUE;12;1.7691658433908375;884.5829216954187
MONTPARNASSEBIENVENUE;FALGUIERE;12;1.2281258584067367;614.0629292033684
FALGUIERE;PASTEUR;12;1.3404437647275125;670.2218823637562
PASTEUR;VOLONTAIRES;12;1.2600234741741647;630.0117370870823
VOLONTAIRES;VAUGIRARD;12;1.5973269206279634;798.6634603139818
VAUGIRARD;CONVENTION;12;1.3205585374781974;660.2792687390987
CONVENTION;PORTEDEVERSAILLES;12;2.162657924350497;1081.3289621752485
PORTEDEVERSAILLES;CORENTINCELTON;12;2.238100534647812;1119.050267323906
CORENTINCELTON;MAIRIEDISSY;12;1.646385380904952;823.192690452476
PORTEDELACHAPELLE;FRONTPOPULAIRE;12;2.776403025730937;1388.2015128654687
MARXDORMOY;PORTEDELACHAPELLE;12;2.005072020835942;1002.536010417971
MARCADETPOISSONNIERS;MARXDORMOY;12;2.018443736727412;1009.221868363706
JULESJOFFRIN;MARCADETPOISSONNIERS;12;1.2791191675496745;639.5595837748373
LAMARCKCAULAINCOURT;JULESJOFFRIN;12;1.5611264669256444;780.5632334628222
ABBESSES;LAMARCKCAULAINCOURT;12;1.6359842199952384;817.9921099976192
PIGALLE;ABBESSES;12;0.999497698349794;499.748849174897
STGEORGES;PIGALLE;12;1.3828711077459883;691.4355538729942
NOTREDAMEDELORETTE;STGEORGES;12;1.0352435087672824;517.6217543836412
TRINITEDESTIENNEDORVES;NOTREDAMEDELORETTE;12;1.2865258463808091;643.2629231904045
STLAZARE;TRINITEDESTIENNEDORVES;12;1.7218552827538065;860.9276413769032
MADELEINE;STLAZARE;12;1.7668508878526326;883.4254439263162
CONCORDE;MADELEINE;12;1.358427551772844;679.2137758864219
ASSEMBLEENATIONALE;CONCORDE;12;1.8507415936123164;925.3707968061582
SOLFERINO;ASSEMBLEENATIONALE;12;1.0969192886428765;548.4596443214382
RUEDUBAC;SOLFERINO;12;1.2577870835770193;628.8935417885097
SEVRESBABYLONE;RUEDUBAC;12;1.475972313811717;737.9861569058585
RENNES;SEVRESBABYLONE;12;1.1370722835611302;568.5361417805651
NOTREDAMEDESCHAMPS;RENNES;12;1.2952907048137754;647.6453524068877
MONTPARNASSEBIENVENUE;NOTREDAMEDESCHAMPS;12;1.7691658433908375;884.5829216954187
FALGUIERE;MONTPARNASSEBIENVENUE;12;1.2281258584067367;614.0629292033684
PASTEUR;FALGUIERE;12;1.3404437647275125;670.2218823637562
VOLONTAIRES;PASTEUR;12;1.2600234741741647;630.0117370870823
VAUGIRARD;VOLONTAIRES;12;1.5973269206279634;798.6634603139818
CONVENTION;VAUGIRARD;12;1.3205585374781974;660.2792687390987
PORTEDEVERSAILLES;CONVENTION;12;2.162657924350497;1081.3289621752485
CORENTINCELTON;PORTEDEVERSAILLES;12;2.238100534647812;1119.050267323906
MAIRIEDISSY;CORENTINCELTON;12;1.646385380904952;823.192690452476
STDENISUNIVERSITE;BASILIQUEDESTDENIS;13;2.705314802060349;1352.6574010301745
BASILIQUEDESTDENIS;STDENISPORTEDEPARIS;13;2.0464562429563844;1023.2281214781922
STDENISPORTEDEPARIS;CARREFOURPLEYEL;13;3.465191858067324;1732.595929033662
CARREFOURPLEYEL;MAIRIEDESTOUEN;13;2.680357774961471;1340.1788874807355
MAIRIEDESTOUEN;GARIBALDI;13;1.8412837889363227;920.6418944681614
GARIBALDI;PORTEDESTOUEN;13;2.4848489490541708;1242.4244745270853
PORTEDESTOUEN;GUYMOQUET;13;1.5351078818701425;767.5539409350712
ASNIERESGENNEVILLIERSLESCOURTILLES;LESAGNETTES;13;2.2298419713123527;1114.9209856561763
LESAGNETTES;GABRIELPERI;13;2.437127295095701;1218.5636475478505
GABRIELPERI;MAIRIEDECLICHY;13;3.837816079106812;1918.9080395534058
MAIRIEDECLICHY;PORTEDECLICHY;13;2.8238229608025747;1411.9114804012872
PORTEDECLICHY;BROCHANT;13;1.7433670084550938;871.6835042275469
LAFOURCHE;PLACEDECLICHY;13;1.3492738488125555;674.6369244062778
PLACEDECLICHY;LIEGE;13;1.3932655741012767;696.6327870506384
LIEGE;STLAZARE;13;1.451553334732998;725.776667366499
STLAZARE;MIROMESNIL;13;1.987528364317692;993.764182158846
MIROMESNIL;CHAMPSELYSEESCLEMENCEAU;13;1.800156248644098;900.078124322049
CHAMPSELYSEESCLEMENCEAU;INVALIDES;13;1.7333497972391148;866.6748986195573
INVALIDES;VARENNE;13;1.7332047579335712;866.6023789667856
VARENNE;STFRANCOISXAVIER;13;1.711247436620199;855.6237183100995
STFRANCOISXAVIER;DUROC;13;1.5610390248703991;780.5195124351995
DUROC;MONTPARNASSEBIENVENUE;13;1.7548066707881296;877.4033353940648
MONTPARNASSEBIENVENUE;GAITE;13;1.2920865386735072;646.0432693367536
GAITE;PERNETY;13;1.7288465753223181;864.4232876611591
PERNETY;PLAISANCE;13;1.2467621703554963;623.3810851777481
PLAISANCE;PORTEDEVANVES;13;2.046937145184411;1023.4685725922054
PORTEDEVANVES;MALAKOFFPLATEAUDEVANVES;13;2.0560223333539445;1028.0111666769722
MALAKOFFPLATEAUDEVANVES;MALAKOFFRUEETIENNEDOLET;13;2.1308528787009755;1065.4264393504877
MALAKOFFRUEETIENNEDOLET;CHATILLONMONTROUGE;13;1.7187598639839374;859.3799319919688
GUYMOQUET;LAFOURCHE;13;1.7784829419792247;889.2414709896124
BROCHANT;LAFOURCHE;13;1.617376901618102;808.688450809051
BASILIQUEDESTDENIS;STDENISUNIVERSITE;13;2.705314802060349;1352.6574010301745
STDENISPORTEDEPARIS;BASILIQUEDESTDENIS;13;2.0464562429563844;1023.2281214781922
CARREFOURPLEYEL;STDENISPORTEDEPARIS;13;3.465191858067324;1732.595929033662
MAIRIEDESTOUEN;CARREFOURPLEYEL;13;2.680357774961471;1340.1788874807355
GARIBALDI;MAIRIEDESTOUEN;13;1.8412837889363227;920.6418944681614
PORTEDESTOUEN;GARIBALDI;13;2.4848489490541708;1242.4244745270853
GUYMOQUET;PORTEDESTOUEN;13;1.5351078818701425;767.5539409350712
LESAGNETTES;ASNIERESGENNEVILLIERSLESCOURTILLES;13;2.2298419713123527;1114.9209856561763
GABRIELPERI;LESAGNETTES;13;2.437127295095701;1218.5636475478505
MAIRIEDECLICHY;GABRIELPERI;13;3.837816079106812;1918.9080395534058
PORTEDECLICHY;MAIRIEDECLICHY;13;2.8238229608025747;1411.9114804012872
BROCHANT;PORTEDECLICHY;13;1.7433670084550938;871.6835042275469
PLACEDECLICHY;LAFOURCHE;13;1.3492738488125555;674.6369244062778
LIEGE;PLACEDECLICHY;13;1.3932655741012767;696.6327870506384
STLAZARE;LIEGE;13;1.451553334732998;725.776667366499
MIROMESNIL;STLAZARE;13;1.987528364317692;993.764182158846
CHAMPSELYSEESCLEMENCEAU;MIROMESNIL;13;1.800156248644098;900.078124322049
INVALIDES;CHAMPSELYSEESCLEMENCEAU;13;1.7333497972391148;866.6748986195573
VARENNE;INVALIDES;13;1.7332047579335712;866.6023789667856
STFRANCOISXAVIER;VARENNE;13;1.711247436620199;855.6237183100995
DUROC;STFRANCOISXAVIER;13;1.5610390248703991;780.5195124351995
MONTPARNASSEBIENVENUE;DUROC;13;1.7548066707881296;877.4033353940648
GAITE;MONTPARNASSEBIENVENUE;13;1.2920865386735072;646.0432693367536
PERNETY;GAITE;13;1.7288465753223181;864.4232876611591
PLAISANCE;PERNETY;13;1.2467621703554963;623.3810851777481
PORTEDEVANVES;PLAISANCE;13;2.046937145184411;1023.4685725922054
MALAKOFFPLATEAUDEVANVES;PORTEDEVANVES;13;2.0560223333539445;1028.0111666769722
MALAKOFFRUEETIENNEDOLET;MALAKOFFPLATEAUDEVANVES;13;2.1308528787009755;1065.4264393504877
CHATILLONMONTROUGE;MALAKOFFRUEETIENNEDOLET;13;1.7187598639839374;859.3799319919688
LAFOURCHE;GUYMOQUET;13;1.7784829419792247;889.2414709896124
LAFOURCHE;BROCHANT;13;1.617376901618102;808.688450809051
STLAZARE;MADELEINE;14;1.7668508878526326;883.4254439263162
MADELEINE;PYRAMIDES;14;2.1271909090002645;1063.5954545001323
PYRAMIDES;CHATELET;14;3.291274764156405;1645.6373820782023
CHATELET;GAREDELYON;14;5.191990181503919;2595.9950907519597
GAREDELYON;BERCY;14;2.0000631186568625;1000.0315593284313
BERCY;COURSTEMILION;14;2.309777287197997;1154.8886435989984
COURSTEMILION;BIBLIOTHEQUEFRANCOISMITTERRAND;14;2.262966039566792;1131.483019783396
BIBLIOTHEQUEFRANCOISMITTERRAND;OLYMPIADES;14;1.784156677241599;892.0783386207995
MADELEINE;STLAZARE;14;1.7668508878526326;883.4254439263162
PYRAMIDES;MADELEINE;14;2.1271909090002645;1063.5954545001323
CHATELET;PYRAMIDES;14;3.291274764156405;1645.6373820782023
GAREDELYON;CHATELET;14;5.191990181503919;2595.9950907519597
BERCY;GAREDELYON;14;2.0000631186568625;1000.0315593284313
COURSTEMILION;BERCY;14;2.309777287197997;1154.8886435989984
BIBLIOTHEQUEFRANCOISMITTERRAND;COURSTEMILION;14;2.262966039566792;1131.483019783396
OLYMPIADES;BIBLIOTHEQUEFRANCOISMITTERRAND;14;1.784156677241599;892.0783386207995
PORTEDESLILAS;STFARGEAU;3bis;1.6645353853157383;832.2676926578691
STFARGEAU;PELLEPORT;3bis;1.4223387617245469;711.1693808622734
PELLEPORT;GAMBETTA;3bis;1.3700603399293203;685.0301699646601
STFARGEAU;PORTEDESLILAS;3bis;1.6645353853157383;832.2676926578691
PELLEPORT;STFARGEAU;3bis;1.4223387617245469;711.1693808622734
GAMBETTA;PELLEPORT;3bis;1.3700603399293203;685.0301699646601
LOUISBLANC;JAURES;7bis;1.401161861170189;700.5809305850945
JAURES;BOLIVAR;7bis;1.1931985906852065;596.5992953426032
BOLIVAR;BUTTESCHAUMONT;7bis;1.7095531165374662;854.7765582687331
BUTTESCHAUMONT;BOTZARIS;7bis;1.6211702403953354;810.5851201976677
BOTZARIS;PLACEDESFETES;7bis;1.299384747124908;649.692373562454
PLACEDESFETES;PRESTGERVAIS;7bis;1.6062884368738701;803.144218436935
PRESTGERVAIS;DANUBE;7bis;1.414616262650088;707.308131325044
DANUBE;BOTZARIS;7bis;1.336809941410882;668.404970705441
JAURES;LOUISBLANC;7bis;1.401161861170189;700.5809305850945
BOLIVAR;JAURES;7bis;1.1931985906852065;596.5992953426032
BUTTESCHAUMONT;BOLIVAR;7bis;1.7095531165374662;854.7765582687331
BOTZARIS;BUTTESCHAUMONT;7bis;1.6211702403953354;810.5851201976677
